reponame,blau_index
golang/go,0.35276160325626105
kubernetes/kubernetes,0.5039322444041139
gohugoio/hugo,0.15666666666666684
astaxie/build-web-application-with-golang,0.5625
gin-gonic/gin,0.48979591836734704
gogs/gogs,0.49826388888888884
fatedier/frp,0.0
syncthing/syncthing,0.5207100591715976
etcd-io/etcd,0.5619047619047617
prometheus/prometheus,0.5142332415059685
containous/traefik,0.2098765432098766
junegunn/fzf,0.0
caddyserver/caddy,0.4473684210526315
ethereum/go-ethereum,0.30107526881720437
v2ray/v2ray-core,0.8888888888888888
astaxie/beego,0.6526315789473686
pingcap/tidb,0.5318559556786706
FiloSottile/mkcert,0.0
istio/istio,0.5746691871455578
drone/drone,0.27142857142857146
hashicorp/terraform,0.37261052837957065
minio/minio,0.9230769230769231
unknwon/the-way-to-go_ZH_CN,0.7692307692307694
github/hub,0.5555555555555554
influxdata/influxdb,0.357142857142857
hashicorp/consul,0.41950113378684817
inconshreveable/ngrok,0.0
wagoodman/dive,0.0
cockroachdb/cockroach,0.6888297872340425
go-gitea/gitea,0.41522491349480983
rclone/rclone,0.5054945054945056
mattermost/mattermost-server,0.4862155388471177
kataras/iris,0.75
nsqio/nsq,0.3055555555555558
kubernetes/minikube,0.4689655172413793
openfaas/faas,0.7307692307692308
jinzhu/gorm,0.4
labstack/echo,0.4
yeasy/docker_practice,1.0000000000000002
go-kit/kit,0.5333333333333335
helm/helm,0.47107438016528924
spf13/cobra,0.0
hashicorp/vault,0.49826388888888884
joewalnes/websocketd,0.0
jesseduffield/lazygit,0.8
yudai/gotty,0.0
rancher/rancher,0.6405228758169932
cayleygraph/cayley,0.4642857142857142
tsenart/vegeta,1.0
sirupsen/logrus,0.5950413223140494
golang/dep,0.4586894586894584
go-delve/delve,0.7142857142857142
jesseduffield/lazydocker,0.4375
urfave/cli,0.4545454545454544
buger/goreplay,0.0
zyedidia/micro,0.5833333333333334
dgraph-io/dgraph,0.0
revel/revel,0.4052287581699346
tmrts/go-patterns,0.0
xtaci/kcptun,0.0
helm/charts,0.5464389837567678
wtfutil/wtf,0.7222222222222224
go-martini/martini,0.4375
valyala/fasthttp,0.75
coreybutler/nvm-windows,0.0
fogleman/primitive,0.0
txthinking/brook,0.0
CodisLabs/codis,0.4375
gorilla/mux,0.0
gorilla/websocket,0.0
julienschmidt/httprouter,0.0
boltdb/bolt,0.0
spf13/viper,0.3055555555555558
kubernetes/kops,0.5478596908442332
micro/go-micro,0.3055555555555558
grpc/grpc-go,0.4500000000000002
google/grumpy,1.0000000000000002
google/cadvisor,0.7692307692307694
goharbor/harbor,0.8888888888888888
chai2010/advanced-go-programming-book,1.0
rancher/k3s,0.0
hashicorp/packer,0.3950617283950617
jaegertracing/jaeger,0.8928571428571428
gizak/termui,0.0
gocolly/colly,0.75
google/gvisor,0.5384615384615388
bcicen/ctop,0.0
hyperledger/fabric,0.5837669094693028
esimov/caire,0.0
dutchcoders/transfer.sh,0.5555555555555554
vitessio/vitess,0.5084566596194505
ipfs/go-ipfs,0.24141519250780474
stretchr/testify,0.5999999999999998
rkt/rkt,0.5454545454545455
gopherjs/gopherjs,0.5555555555555554
chrislusf/seaweedfs,0.8
cnlh/nps,0.0
quii/learn-go-with-tests,0.8571428571428573
restic/restic,0.5147058823529409
go-sql-driver/mysql,0.7
asciimoo/wuzz,0.6666666666666664
iawia002/annie,1.0
dinedal/textql,0.0
uber-go/zap,0.0
elastic/beats,0.5837669094693028
PuerkitoBio/goquery,0.0
GoogleContainerTools/skaffold,0.7058823529411765
apex/apex,0.0
golang/groupcache,0.0
cyfdecyf/cow,0.0
Masterminds/glide,0.33333333333333354
grafana/loki,0.34545454545454524
influxdata/telegraf,0.44354838709677397
git-lfs/git-lfs,0.6140350877192982
gravitational/teleport,0.609375
Netflix/chaosmonkey,1.0
ory/hydra,0.6399999999999997
flynn/flynn,0.34545454545454524
apex/up,0.0
go-redis/redis,0.8888888888888888
jmoiron/sqlx,0.0
grpc-ecosystem/grpc-gateway,0.6666666666666665
andlabs/ui,0.0
bilibili/kratos,0.9183673469387754
attic-labs/noms,0.234375
emirpasic/gods,0.0
rakyll/hey,0.6666666666666664
future-architect/vuls,1.0000000000000002
micro/micro,0.5555555555555554
openshift/origin,0.3623188405797104
fyne-io/fyne,0.33333333333333354
nats-io/nats-server,0.48979591836734704
unknwon/go-fundamental-programming,0.0
sjwhitworth/golearn,0.0
sqshq/sampler,0.0
dgraph-io/badger,0.24999999999999983
kelseyhightower/confd,0.9722222222222221
gomodule/redigo,0.0
google/go-cloud,0.3055555555555558
go-chi/chi,0.0
tidwall/tile38,0.5555555555555554
shadowsocks/shadowsocks-go,0.75
dgrijalva/jwt-go,1.0
urfave/negroni,0.7
therecipe/qt,0.0
opencontainers/runc,0.5483870967741935
json-iterator/go,0.6666666666666664
kubernetes/dashboard,0.41522491349480983
rook/rook,0.4285714285714284
ardanlabs/gotraining,0.3055555555555558
tylertreat/comcast,0.0
bettercap/bettercap,0.6666666666666664
hoanhan101/ultimate-go,0.0
cjbassi/gotop,0.0
sosedoff/pgweb,0.5555555555555554
keybase/client,0.27749999999999986
blevesearch/bleve,0.48979591836734704
henrylee2cn/pholcus,0.0
kubernetes/ingress-nginx,0.6805293005671076
usefathom/fathom,0.0
gdrive-org/gdrive,1.0
filebrowser/filebrowser,0.0
polaris1119/The-Golang-Standard-Library-by-Example,0.0
hybridgroup/gobot,0.0
coreos/clair,1.0
fabiolb/fabio,0.0
linuxkit/linuxkit,0.3767313019390581
tomnomnom/gron,0.0
docker/swarm,0.7894736842105263
weaveworks/weave,0.33057851239669445
jroimartin/gocui,0.0
teh-cmc/go-internals,0.0
tools/godep,0.0
XiaoMi/soar,0.0
graphql-go/graphql,0.3950617283950617
golang/protobuf,0.3055555555555558
rancher/os,0.7142857142857142
loadimpact/k6,0.609375
peco/peco,0.75
docker/machine,0.20467836257309938
go-xorm/xorm,0.8333333333333334
mailhog/MailHog,1.0
casbin/casbin,0.5555555555555554
cheat/cheat,0.0
lib/pq,0.2098765432098766
hashicorp/nomad,0.383903792784459
direnv/direnv,0.0
developer-learning/night-reading-go,0.3055555555555558
simeji/jid,0.0
tidwall/gjson,0.0
upspin/upspin,0.3055555555555558
aws/aws-sdk-go,0.5833333333333334
Workiva/go-datastructures,0.5000000000000001
kubernetes/community,0.5370390052077796
pkg/errors,0.0
zricethezav/gitleaks,0.0
google/go-github,0.7272727272727275
kubeless/kubeless,0.48979591836734704
open-falcon/falcon-plus,0.34545454545454524
cloudson/gitql,0.75
smartystreets/goconvey,0.0
yeasy/blockchain_guide,1.0
gobuffalo/buffalo,0.75
GoesToEleven/GolangTraining,0.0
rancher/os,0.7142857142857142
coredns/coredns,0.4545454545454544
Shopify/sarama,0.52734375
360EntSecGroup-Skylar/excelize,0.0
docker/distribution,0.7785467128027679
TykTechnologies/tyk,0.26530612244897966
rqlite/rqlite,0.0
robertkrimen/otto,0.0
erroneousboat/slack-term,0.0
kardianos/govendor,0.0
bitly/oauth2_proxy,0.6666666666666664
go-ego/riot,0.0
google/seesaw,0.0
DNSCrypt/dnscrypt-proxy,0.6666666666666664
yinghuocho/firefly-proxy,0.0
robfig/cron,0.0
tinygo-org/tinygo,0.4375
flike/kingshard,0.75
rakyll/boom,0.75
goreleaser/goreleaser,0.4642857142857142
linkerd/linkerd2,0.8888888888888888
containerd/containerd,0.4444444444444444
hashicorp/serf,0.3599999999999999
nsf/gocode,0.7
zserge/lorca,0.0
inlets/inlets,0.0
coreos/flannel,0.7222222222222224
akavel/up,1.0
fission/fission,0.4642857142857142
gcla/termshark,0.0
xo/usql,0.0
GoogleContainerTools/kaniko,0.3950617283950617
schollz/find,0.0
cloudflare/cfssl,0.2098765432098766
ponzu-cms/ponzu,0.0
cilium/cilium,0.4622222222222221
src-d/go-git,0.1538461538461538
fiorix/freegeoip,0.0
thanos-io/thanos,0.47107438016528924
containrrr/watchtower,0.8888888888888888
jetstack/cert-manager,0.0
kubernetes/kompose,0.9642857142857143
olivere/elastic,0.0
Dreamacro/clash,0.0
concourse/concourse,0.6508264462809918
davecheney/httpstat,0.0
wallix/awless,0.8333333333333334
facebookarchive/grace,0.0
go-swagger/go-swagger,0.6250000000000003
adnanh/webhook,0.8333333333333334
google/gxui,0.0
cdr/sshcode,0.0
perkeep/perkeep,0.47839506172839474
fnproject/fn,0.48979591836734704
dragonflyoss/Dragonfly,0.6666666666666665
gotify/server,1.0
fogleman/nes,0.0
gliderlabs/registrator,0.0
shirou/gopsutil,0.5100000000000002
lightningnetwork/lnd,0.5454545454545455
photoprism/photoprism,1.0
gophish/gophish,0.5555555555555554
Shopify/toxiproxy,0.6666666666666664
ginuerzh/gost,0.0
qor/qor,0.9333333333333333
google/git-appraise,0.75
coyove/goflyway,0.0
kubernetes-sigs/kustomize,0.14792899408284033
smallnest/rpcx,0.0
russross/blackfriday,0.0
alibaba/pouch,0.38265306122448983
dapr/dapr,0.0
miekg/dns,0.48979591836734704
pachyderm/pachyderm,0.5147058823529409
argoproj/argo,0.9795918367346941
muesli/beehive,0.4
MontFerret/ferret,0.4
pulumi/pulumi,0.5555555555555554
go-playground/validator,0.0
jpillora/cloud-torrent,0.0
chromedp/chromedp,1.0
lxn/walk,0.9333333333333333
fsnotify/fsnotify,0.0
appleboy/gorush,0.0
golangci/golangci-lint,0.5000000000000001
uber/prototool,0.0
dexidp/dex,0.5833333333333334
centrifugal/centrifugo,0.0
eranyanay/1m-go-websockets,0.0
gliderlabs/logspout,0.4375
Jguer/yay,0.33333333333333354
golang/mobile,0.3599999999999999
gaia-pipeline/gaia,1.0
weaveworks/scope,0.6648199445983378
asaskevich/govalidator,0.4
b3log/pipe,1.0
tektoncd/pipeline,0.5416666666666664
dropbox/godropbox,0.0
HFO4/gameboy.live,0.0
microsoft/ethr,0.0
tidwall/evio,0.0
mmcgrana/gobyexample,0.0
derailed/k9s,0.0
Terry-Mao/goim,1.0
prometheus/node_exporter,0.6405228758169932
hashicorp/consul-template,0.0
go-acme/lego,0.8
uber-archive/go-torch,0.0
alexflint/gallium,0.0
btcsuite/btcd,0.5757575757575759
tealeg/xlsx,0.26530612244897966
adonovan/gopl.io,0.0
shazow/ssh-chat,0.4
RichardKnop/machinery,0.96
rgburke/grv,0.0
spiral/roadrunner,0.0
Azure/draft,0.5333333333333335
goadesign/goa,0.34545454545454524
tj/node-prune,0.0
kubernetes-sigs/kind,0.26530612244897966
twitchtv/twirp,0.0
mongodb/mongo-go-driver,0.1666666666666665
elves/elvish,0.8333333333333334
kashav/fsql,0.0
zenazn/goji,1.0
alecthomas/gometalinter,0.0
docker/docker-ce,0.5095765374831662
nsf/termbox-go,0.0
contribsys/faktory,0.0
coreos/prometheus-operator,0.5652173913043479
rivo/tview,1.0
emicklei/go-restful,0.5555555555555554
99designs/gqlgen,0.0
travisjeffery/jocko,0.0
go-yaml/yaml,0.0
mitchellh/gox,0.0
fanpei91/torsniff,0.0
davecgh/go-spew,0.0
motemen/gore,1.0
jpmorganchase/quorum,0.43243243243243257
gchaincl/httplab,0.0
aelsabbahy/goss,0.0
gomatcha/matcha,0.0
google/gops,0.0
onsi/ginkgo,0.75
jwilder/docker-gen,0.0
huichen/wukong,1.0
mozilla-services/heka,0.4052287581699346
hoisie/web,0.0
elazarl/goproxy,0.0
schollz/find3,0.0
jung-kurt/gofpdf,0.4375
docker-slim/docker-slim,0.0
igrigorik/ga-beacon,0.0
syndtr/goleveldb,0.75
ant0ine/go-json-rest,0.0
satori/go.uuid,0.0
lifei6671/mindoc,0.0
EasyDarwin/EasyDarwin,1.0
jpillora/chisel,0.0
lucas-clemente/quic-go,0.0
tendermint/tendermint,0.24901185770750972
oxequa/realize,0.0
sql-machine-learning/sqlflow,0.3599999999999999
burke/zeus,0.6734693877551021
MichaelMure/git-bug,0.6399999999999997
OWASP/Go-SCP,1.0
terraform-providers/terraform-provider-aws,0.41104188300449984
golang/lint,0.0
DisposaBoy/GoSublime,0.0
containers/libpod,0.6691176470588235
vmware-tanzu/velero,0.7142857142857142
go-flutter-desktop/go-flutter,0.0
go-pg/pg,1.0
gogo/protobuf,0.3599999999999999
ansible-semaphore/semaphore,0.33333333333333354
gonum/gonum,0.4375
name5566/leaf,0.0
golang/mock,0.75
patrickmn/go-cache,0.0
meshbird/meshbird,0.0
go-gorp/gorp,0.26530612244897966
tsuru/tsuru,0.7105263157894736
github/orchestrator,0.7222222222222224
fluxcd/flux,0.5054945054945056
gruntwork-io/terragrunt,0.5054945054945056
golang/tools,0.49735449735449755
golang-migrate/migrate,0.4642857142857142
codegangsta/gin,0.0
astaxie/go-best-practice,0.0
variadico/noti,0.0
jenkins-x/jx,0.4224000000000001
dvyukov/go-fuzz,0.0
siddontang/ledisdb,0.6666666666666664
ha/doozerd,0.5555555555555554
fatih/color,0.0
maxence-charriere/app,0.0
gruntwork-io/terratest,0.710059171597633
adtac/commento,0.0
anacrolix/torrent,0.0
mozilla/sops,0.24999999999999983
yuin/gopher-lua,0.6666666666666664
knadh/listmonk,0.0
letsencrypt/boulder,0.4545454545454544
google/gopacket,0.6526315789473686
googollee/go-socket.io,0.0
uber/kraken,1.0
progrium/localtunnel,0.0
vmware-tanzu/octant,0.5000000000000001
nuclio/nuclio,0.8666666666666666
goproxyio/goproxy,0.0
tianon/gosu,0.0
hashicorp/raft,0.7272727272727275
Tencent/bk-cmdb,0.7857142857142859
uber/cadence,0.5238095238095238
bitly/go-simplejson,1.0
manifoldco/promptui,0.0
graph-gophers/graphql-go,0.96
michenriksen/aquatone,0.0
hasura/gitkube,1.0
ffhelicopter/Go42,0.0
jwilder/dockerize,0.0
goby-lang/goby,0.6428571428571426
claudiodangelis/qr-filetransfer,0.0
gopasspw/gopass,0.5555555555555554
AsynkronIT/protoactor-go,0.7142857142857142
gwuhaolin/lightsocks,1.0
nytimes/gizmo,0.3599999999999999
gorgonia/gorgonia,0.0
davyxu/cellnet,0.0
BurntSushi/toml,0.0
windmilleng/tilt,0.9375
vugu/vugu,0.0
google/pprof,1.0000000000000002
bosun-monitor/bosun,0.0
cortesi/devd,0.0
go-macaron/macaron,0.0
gomods/athens,0.3777777777777777
wercker/stern,0.0
crawlab-team/crawlab,0.6666666666666664
securego/gosec,0.4375
asticode/go-astilectron,1.0
vulcand/vulcand,0.4
google/netstack,0.4375
sourcegraph/sourcegraph,0.5054945054945056
fatih/structs,0.0
streadway/amqp,0.0
zxh0/jvm.go,0.0
buger/jsonparser,0.0
oklog/oklog,0.0
heroiclabs/nakama,1.0
dominikh/go-tools,0.0
gilbertchen/duplicacy,0.5555555555555554
imgproxy/imgproxy,0.0
99designs/aws-vault,0.4
disintegration/imaging,0.0
olebedev/go-starter-kit,0.0
mitchellh/mapstructure,0.0
kubernetes/client-go,0.5950413223140494
lni/dragonboat,0.0
sourcegraph/checkup,0.0
h2non/imaginary,1.0
gobwas/ws,0.0
NebulousLabs/Sia,0.5384615384615388
hybridgroup/gocv,0.5555555555555554
kgretzky/evilginx2,0.0
alecthomas/kingpin,1.0
prometheus/alertmanager,0.40828402366863914
nektos/act,1.0
allegro/bigcache,0.0
karan/joe,0.0
chrislusf/glow,0.0
anthonynsimon/bild,0.0
iron-io/functions,0.0
open-policy-agent/opa,0.22222222222222207
jingweno/ccat,0.0
mholt/certmagic,0.0
libp2p/go-libp2p,0.0
pion/webrtc,0.48979591836734704
ksimka/go-is-not-good,0.0
google/syzkaller,0.35000000000000026
operator-framework/operator-sdk,0.772727272727273
c-bata/go-prompt,0.0
hashicorp/hcl,0.0
siddontang/go-mysql-elasticsearch,0.0
google/wire,0.0
koding/kite,0.3599999999999999
rcrowley/go-metrics,0.0
mholt/archiver,0.0
schollz/croc,0.5000000000000001
monochromegane/the_platinum_searcher,0.0
nlopes/slack,0.3599999999999999
rs/zerolog,0.0
faiface/pixel,0.234375
mailgun/godebug,0.0
d4l3k/go-pry,0.0
googleforgames/agones,0.0
remind101/empire,0.33333333333333354
golang/oauth2,0.0
soundcloud/roshi,0.0
kelseyhightower/envconfig,1.0
fogleman/ln,0.0
360EntSecGroup-Skylar/goreporter,0.0
kubernetes-retired/heapster,0.691358024691358
pquerna/ffjson,0.0
kubernetes/autoscaler,0.5555555555555554
nats-io/nats.go,0.0
tidwall/buntdb,0.0
panjf2000/ants,0.0
Masterminds/squirrel,0.8333333333333334
genuinetools/img,0.0
go-gomail/gomail,0.0
kahing/goofys,0.0
aquasecurity/trivy,0.8888888888888888
campoy/go-tooling-workshop,0.0
drk1wi/Modlishka,0.0
Jeiwan/blockchain_go,0.0
volatiletech/sqlboiler,0.0
ovh/cds,0.8
go-mgo/mgo,0.5000000000000001
coreos/fleet,0.2857142857142854
whalebrew/whalebrew,0.0
parnurzeal/gorequest,0.0
wcharczuk/go-chart,0.0
sorintlab/stolon,1.0
gobuffalo/packr,0.0
goinaction/code,0.0
thewhitetulip/web-dev-golang-anti-textbook,1.0
fullstorydev/grpcurl,0.0
lxc/lxd,0.38265306122448983
kubernetes-sigs/external-dns,0.3956043956043956
knative/serving,0.6147443519619502
HouzuoGuo/tiedot,0.5555555555555554
syncsynchalt/illustrated-tls,0.0
tinode/chat,1.0
fvbock/endless,1.0
gpmgo/gopm,0.0
pksunkara/alpaca,1.0
knqyf263/pet,1.0
golang/glog,0.0
OJ/gobuster,0.0
Ne0nd0g/merlin,0.5555555555555554
gravityblast/fresh,1.0
containernetworking/cni,0.490909090909091
nlf/dlite,0.0
spf13/afero,0.0
containers/buildah,0.6399999999999997
markbates/goth,0.5833333333333334
docker/libchan,1.0
gravitational/teleconsole,1.0
unknwon/go-web-foundation,0.0
joho/godotenv,0.0
cweill/gotests,0.0
xtaci/kcp-go,1.0
jdkato/prose,1.0
kubernetes-retired/contrib,0.30107526881720437
coocood/freecache,0.0
genuinetools/binctr,0.0
mlabouardy/komiser,0.0
vuvuzela/vuvuzela,0.0
m3db/m3,0.5555555555555554
rakyll/statik,0.0
esimov/pigo,0.0
mikespook/Learning-Go-zh-cn,1.0
mattes/migrate,0.0
AdguardTeam/AdGuardHome,0.0
benmanns/goworker,0.0
jinzhu/now,0.0
virtual-kubelet/virtual-kubelet,1.0
mailru/easyjson,0.8400000000000001
runatlantis/atlantis,0.4375
xo/xo,1.0
chrislusf/gleam,1.0
buzzfeed/sso,0.4
go-resty/resty,1.0
ReactiveX/RxGo,0.75
mehrdadrad/mylg,0.0
FiloSottile/Heartbleed,1.0
docker/swarmkit,0.691358024691358
astaxie/bat,0.0
OWASP/Amass,0.6666666666666664
constabulary/gb,0.5000000000000001
GoogleContainerTools/container-diff,0.7
docker/deploykit,0.3599999999999999
ilanyu/ReverseProxy,0.0
grpc-ecosystem/go-grpc-middleware,0.0
nfnt/resize,0.0
containous/yaegi,0.0
afex/hystrix-go,1.0
itsabot/itsabot,0.0
maruel/panicparse,0.0
TrueFurby/go-callvis,0.0
jackc/pgx,0.4
google/mtail,0.0
mvdan/sh,0.0
Humpheh/goboy,0.0
linkedin/Burrow,0.4
hajimehoshi/ebiten,0.0
uber/aresdb,0.0
gernest/utron,0.0
prest/prest,0.5000000000000001
fagongzi/gateway,1.0
aws/aws-lambda-go,0.0
sourcegraph/thyme,0.0
jetstack/kube-lego,0.5555555555555554
mmatczuk/go-http-tunnel,0.0
sideshow/apns2,1.0
aquasecurity/kube-bench,0.75
Jeffail/benthos,0.4375
cri-o/cri-o,0.5416666666666664
boramalper/magnetico,0.6666666666666664
ChimeraCoder/gojson,1.0
gopherdata/gophernotes,0.0
goraft/raft,0.0
emitter-io/emitter,0.75
shiyanhui/dht,0.0
digitalocean/doctl,0.5757575757575759
divan/txqr,0.0
TarsCloud/TarsGo,1.0
go-task/task,0.8888888888888888
opentracing/opentracing-go,0.5555555555555554
goproxy/goproxy.cn,0.0
kardianos/service,1.0
nginxinc/kubernetes-ingress,0.0
siddontang/go-mysql,0.6666666666666664
devopsfaith/krakend,0.0
chaosblade-io/chaosblade,1.0
theupdateframework/notary,0.47107438016528924
cheggaaa/pb,0.0
maxmcd/webtty,0.0
purpleidea/mgmt,0.3599999999999999
aQuaYi/LeetCode-in-Go,0.0
solo-io/unik,0.8888888888888888
google/codesearch,0.0
googleapis/google-api-go-client,0.5833333333333334
pressly/sup,1.0
volatiletech/authboss,0.0
gwuhaolin/livego,0.0
cortexproject/cortex,0.28402366863905293
distribworks/dkron,1.0
fogleman/gg,1.0
mgechev/revive,0.0
GoogleCloudPlatform/terraformer,0.6399999999999997
liamg/aminal,0.0
dustin/go-humanize,0.0
dunglas/vulcain,0.0
jedisct1/piknik,0.0
DATA-DOG/go-sqlmock,0.6666666666666664
projectcontour/contour,0.48979591836734704
yahoo/gryffin,0.0
upper/db,0.0
goodrain/rainbond,0.4375
ouqiang/gocron,0.0
360EntSecGroup-Skylar/ElasticHD,0.0
floyernick/Data-Structures-and-Algorithms,0.0
getgauge/gauge,0.9777777777777777
mholt/timeliner,0.0
42wim/matterbridge,0.0
mickael-kerjean/filestash,0.0
moby/buildkit,0.22222222222222207
shen100/golang123,0.0
jgrahamc/httpdiff,0.0
arachnys/athenapdf,0.0
hyperhq/hyperd,0.9183673469387754
golang/net,0.18181818181818188
twpayne/chezmoi,0.0
ashleymcnamara/gophers,0.0
google/trillian,0.22222222222222207
rtr7/router7,0.0
henrylee2cn/teleport,0.0
pilosa/pilosa,0.5999999999999998
tdewolff/minify,0.0
Ullaakut/cameradar,0.0
moncho/dry,0.0
elastic/go-elasticsearch,1.0
zalando/skipper,0.8076923076923077
go-qml/qml,0.0
skynetservices/skynet-archive,0.8333333333333334
EDDYCJY/go-gin-example,0.0
googleapis/google-cloud-go,0.5555555555555554
argoproj/argo-cd,0.7
hellofresh/janus,0.0
kubernetes-sigs/kubebuilder,0.6666666666666665
unidoc/unioffice,1.0
gopher-os/gopher-os,0.0
olekukonko/tablewriter,0.0
howeyc/fsnotify,0.0
justinas/alice,0.0
rcrowley/goagain,0.0
mpolden/echoip,0.0
minishift/minishift,0.7777777777777779
yunabe/lgo,0.0
pulumi/kubespy,0.0
ahmetb/go-linq,0.0
codesenberg/bombardier,0.0
shunfei/cronsun,0.0
GoesToEleven/golang-web-dev,0.0
Terry-Mao/gopush-cluster,0.0
redspread/spread,1.0
uber/makisu,1.0
chanxuehong/wechat,0.0
shen100/wemall,0.0
src-d/gitbase,0.0
alash3al/sqler,0.0
weaveworks/eksctl,0.8400000000000001
willnorris/imageproxy,1.0
fireworq/fireworq,1.0
kabukky/journey,1.0
alecthomas/chroma,0.0
prometheus/client_golang,0.5333333333333335
influxdata/kapacitor,0.26530612244897966
nareix/joy4,0.0
rapidloop/rtop,0.0
intelsdi-x/snap,0.5416666666666664
kubeedge/kubeedge,0.3956043956043956
brigadecore/brigade,0.5555555555555554
solo-io/gloo,0.2857142857142854
PuerkitoBio/gocrawl,0.0
solo-io/gloo,0.2857142857142854
gocircuit/circuit,0.0
fogleman/pt,0.0
segmentio/kafka-go,0.75
coreos/torus,0.3599999999999999
cube2222/octosql,0.0
francoispqt/gojay,0.0
marcusolsson/tui-go,0.0
xmge/gonote,0.0
isacikgoz/gitin,0.0
hashicorp/go-plugin,0.6666666666666664
kubernetes-incubator/external-storage,0.26530612244897966
gravitational/workshop,0.0
convox/rack,0.3599999999999999
google/btree,0.0
chaitin/xray,0.33333333333333354
aptly-dev/aptly,0.4375
feixiao/Distributed-Systems,0.0
senghoo/golang-design-pattern,0.0
whyrusleeping/gx,0.0
jwilder/docker-squash,0.0
go-telegram-bot-api/telegram-bot-api,0.7
GeertJohan/go.rice,0.0
arduino/arduino-cli,0.3599999999999999
cdarwin/go-koans,0.0
Azure/golua,1.0
bxcodec/go-clean-arch,0.0
goadapp/goad,0.5555555555555554
shopspring/decimal,1.0
elastic/logstash-forwarder,0.0
osrg/gobgp,0.7857142857142859
zentures/surgemq,0.0
oklog/ulid,1.0
docker/cli,0.5087351502445845
dzhou121/gonvim,0.0
swaggo/swag,0.0
facebookincubator/ent,0.0
kubernetes/kube-state-metrics,0.6399999999999997
gdamore/tcell,0.0
GoogleCloudPlatform/golang-samples,0.8076923076923077
vzex/dog-tunnel,0.0
golang/proposal,0.0
Shopify/go-lua,0.0
egonelbre/gophers,0.0
golang/example,0.0
liuchengxu/blockchain-tutorial,0.0
go-ini/ini,0.0
dunglas/mercure,0.0
liangdas/mqant,0.0
hlandau/acmetool,0.0
confluentinc/confluent-kafka-go,0.0
containers/skopeo,0.2857142857142854
bradfitz/http2,0.0
s-rah/onionscan,1.0
segmentio/ksuid,0.0
magefile/mage,0.0
jasonlvhit/gocron,0.0
kubernetes/test-infra,0.4974431317228003
subfinder/subfinder,0.0
matcornic/hermes,0.0
rexray/rexray,0.0
zquestz/s,0.0
gocql/gocql,0.33984375
GoogleChromeLabs/simplehttp2server,0.0
uber-common/cpustat,0.0
MariaLetta/free-gophers-pack,0.0
googleforgames/open-match,0.0
Jeffail/gabs,0.0
kubernetes/kubeadm,0.0
chain/chain,0.859375
gopl-zh/gopl-zh.github.com,0.6399999999999997
zachlatta/sshtron,0.0
pierrre/imageserver,0.0
hashicorp/memberlist,0.0
go-jira/jira,0.0
GoAdminGroup/go-admin,0.0
moul/assh,0.0
vmware-tanzu/sonobuoy,0.9375
olahol/melody,0.0
nats-io/nats-streaming-server,0.5555555555555554
mperham/inspeqtor,0.0
laher/goxc,0.0
census-instrumentation/opencensus-go,0.4375
hpcloud/tail,0.0
golang/crypto,0.40828402366863914
eth0izzle/shhgit,0.0
kubesphere/kubesphere,0.8400000000000001
kiali/kiali,0.19000000000000017
mkchoi212/fac,0.0
xyproto/algernon,0.0
github/git-sizer,0.0
sipt/shuttle,0.0
skanehira/docui,1.0
awnumar/memguard,0.0
opencontainers/runtime-spec,0.4545454545454544
ysrc/yulong-hids,1.0
sourcegraph/appdash,0.0
aws/amazon-ecs-agent,0.7024793388429753
gosuri/uiprogress,0.0
raviqqe/muffet,0.0
natefinch/lumberjack,0.0
ImVexed/muon,0.0
arnauddri/algorithms,0.0
divan/expvarmon,0.0
gogf/gf,0.5999999999999998
talos-systems/talos,0.0
fsouza/go-dockerclient,0.6213017751479288
XiaoMi/naftis,0.0
hu17889/go_spider,1.0
alecthomas/participle,0.0
silenceper/wechat,0.0
gokrazy/gokrazy,0.0
kubicorn/kubicorn,0.1666666666666665
labstack/armor,0.0
kubevirt/kubevirt,0.2892307692307696
rancher/rio,0.5555555555555554
op/go-logging,0.0
jessevdk/go-flags,0.9375
rancher/rke,0.7222222222222224
openshift/osin,0.0
tenta-browser/tenta-dns,0.0
caffix/amass,0.6666666666666664
kubernetes-sigs/krew,0.6666666666666664
helm/chartmuseum,0.0
vulcand/oxy,0.0
nanomsg/mangos-v1,0.0
flosch/pongo2,0.0
golang/vgo,0.0
txn2/kubefwd,0.0
ory/ladon,0.0
olivia-ai/olivia,0.0
sandglass/sandglass,0.0
nsqio/go-nsq,0.75
go-bootstrap/go-bootstrap,0.0
sciter-sdk/go-sciter,0.0
ory/oathkeeper,1.0
kata-containers/runtime,0.8163265306122449
gokcehan/lf,1.0
mikefarah/yq,1.0
motemen/ghq,0.6666666666666664
bitnami-labs/sealed-secrets,0.0
dreamans/syncd,1.0
roboll/helmfile,0.75
iamduo/workq,0.0
google/novm,0.0
openshift/source-to-image,0.490909090909091
mattn/go-gtk,0.7142857142857142
apex/gh-polls,0.0
docker/libnetwork,0.40828402366863914
juju/juju,0.48979591836734704
cespare/reflex,0.0
valyala/quicktemplate,0.0
serverless/event-gateway,0.0
AlecAivazis/survey,0.0
asobti/kube-monkey,0.0
gopherjs/vecty,0.0
rubenv/sql-migrate,0.0
thecodingmachine/gotenberg,0.0
TheAlgorithms/Go,0.0
SpectoLabs/hoverfly,0.5555555555555554
youtube/doorman,0.0
rethinkdb/rethinkdb-go,0.0
ravenac95/sudolikeaboss,0.0
ThreeDotsLabs/watermill,0.0
crossplaneio/crossplane,0.5238095238095238
AutoSpotting/AutoSpotting,0.0
mmcloughlin/globe,0.0
dgraph-io/ristretto,0.0
studygolang/studygolang,0.0
levigross/grequests,0.0
gtank/cryptopasta,0.0
marcusolsson/goddd,0.0
cosmos/cosmos-sdk,0.5072463768115945
instrumenta/kubeval,0.0
tj/mmake,0.0
henrylee2cn/faygo,0.0
google/keytransparency,0.4375
spaceuptech/space-cloud,0.9375
Qihoo360/poseidon,1.0
bouk/monkey,0.0
koding/koding,0.32525510204081653
eolinker/goku-api-gateway,0.0
schollz/hostyoself,0.0
gorilla/sessions,0.0
openfaas/faas-netes,0.5999999999999998
d5/tengo,0.0
rodrigo-brito/gocity,0.0
inconshreveable/go-update,0.0
cenkalti/backoff,0.0
eBay/akutan,1.0
hashicorp/golang-lru,0.0
cortexlabs/cortex,0.0
unknwon/go-rock-libraries-showcases,0.0
utahta/pythonbrew,1.0
astaxie/gopkg,0.6597222222222223
ok-borg/borg,0.0
asdine/storm,0.75
Jeffail/tunny,0.0
kryptco/kr,0.0
hashicorp/envconsul,0.0
tus/tusd,0.33333333333333354
svent/sift,0.0
skydive-project/skydive,0.3599999999999999
google/gapid,0.7222222222222224
google/stenographer,0.6666666666666664
eyebluecn/tank,0.0
icexin/gocraft,0.0
Masterminds/sprig,0.0
sylabs/singularity,0.7142857142857144
barnybug/cli53,1.0
perlin-network/life,0.0
google/go-cmp,0.0
segmentio/chamber,0.6666666666666664
chzyer/readline,0.0
gocraft/web,0.0
uber/cherami-server,0.8888888888888888
neex/phuip-fpizdam,0.0
miniflux/miniflux,0.0
cosmos72/gomacro,0.0
esimov/triangle,0.0
libgit2/git2go,0.20000000000000032
montanaflynn/stats,0.0
dop251/goja,0.0
bcicen/grmon,0.0
google/uuid,1.0
lastbackend/lastbackend,0.8333333333333334
cihub/seelog,0.0
StackExchange/dnscontrol,0.3599999999999999
FiloSottile/whosthere,0.0
jingweno/godzilla,0.0
nanobox-io/nanobox,0.4375
square/go-jose,0.0
ajstarks/svgo,0.0
hellogcc/100-gdb-tips,1.0
didip/tollbooth,0.0
hunterlong/statping,0.0
nanopack/yoke,0.0
ajvb/kala,0.8888888888888888
google/periph,0.5555555555555554
takama/daemon,1.0
thoas/go-funk,1.0
aerokube/selenoid,0.0
crazy-max/WindowsSpyBlocker,0.0
rancher/k3os,0.7
alexei-led/pumba,0.6666666666666664
dave/jennifer,0.0
RichardKnop/go-oauth2-server,0.0
gocraft/dbr,0.0
derailed/popeye,0.0
liftbridge-io/liftbridge,0.0
mattn/gom,0.0
kisielk/errcheck,0.6666666666666664
sofastack/sofa-mosn,0.6399999999999997
openacid/slim,0.75
VictoriaMetrics/VictoriaMetrics,0.0
stripe/veneur,0.9166666666666665
cpmech/gosl,0.0
google/ko,0.0
cloudfoundry/cli,0.7325581395348839
flant/werf,0.4375
google/google-ctf,0.0
ochinchina/supervisord,0.75
xeipuuv/gojsonschema,0.0
jpillora/overseer,0.0
cuelang/cue,0.0
davrodpin/mole,1.0
kedacore/keda,0.6399999999999997
securitywithoutborders/hardentools,0.0
DMarby/picsum-photos,0.0
xiaojiaqi/10billionhongbaos,0.0
vektra/mockery,0.0
aws/amazon-ecs-cli,0.9795918367346941
cznic/ql,0.0
reviewdog/reviewdog,1.0
cortesi/modd,0.0
hashicorp/go-memdb,0.0
rs/xid,0.0
docker/app,0.34545454545454524
microcosm-cc/bluemonday,0.0
nytlabs/streamtools,0.8888888888888888
elliotchance/c2go,0.8400000000000001
ssllabs/ssllabs-scan,1.0
thrasher-corp/gocryptotrader,0.24999999999999983
go-chassis/go-chassis,0.6399999999999997
kythe/kythe,0.609375
kubernetes-sigs/metrics-server,0.0
caarlos0/env,0.6666666666666664
jtblin/kube2iam,0.0
flashmob/go-guerrilla,0.75
unrolled/render,0.75
funny/link,0.0
ory/fosite,0.6666666666666664
matthewmueller/joy,0.0
sjqzhang/go-fastdfs,0.0
metrue/fx,0.0
ugorji/go,0.0
grammarly/rocker,0.75
ddollar/forego,0.0
justjanne/powerline-go,0.6666666666666664
rs/cors,0.0
xiaonanln/goworld,0.0
Yelp/dockersh,0.0
mit-pdos/biscuit,0.23634445256066883
malfunkt/hyperfox,0.0
orcaman/concurrent-map,0.0
julienschmidt/go-http-routing-benchmark,0.0
muesli/smartcrop,0.0
cloudnativelabs/kube-router,0.75
gonum/plot,0.0
panjf2000/gnet,0.0
rakyll/gom,0.0
glycerine/zygomys,0.0
samuel/go-zookeeper,0.75
dnote/dnote,0.0
deckarep/golang-set,0.75
evilsocket/xray,0.0
dreadl0ck/netcap,0.0
coreos/etcd-operator,0.7
hyper0x/Golang_Puzzlers,0.0
ContainerSolutions/k8s-deployment-strategies,0.0
unrolled/secure,0.0
square/certstrap,0.0
disintegration/gift,0.0
perlin-network/noise,0.5000000000000001
filecoin-project/go-filecoin,0.7999999999999998
helm/monocular,0.4375
miguelmota/cointop,0.0
prometheus/blackbox_exporter,0.8333333333333334
klauspost/compress,0.0
juju/ratelimit,0.0
XiaoMi/Gaea,0.0
go-echarts/go-echarts,0.0
writeas/writefreely,0.6666666666666664
antonmedv/red,0.0
lovoo/goka,0.75
solo-io/squash,0.0
mattn/goreman,0.0
huichen/sego,1.0
tidwall/summitdb,0.0
haxpax/gosms,0.0
galeone/tfgo,0.0
songtianyi/wechat-go,0.0
kubernetes-sigs/aws-iam-authenticator,0.4375
monochromegane/go_design_pattern,0.0
shiyanhui/hero,0.0
appc/spec,0.6399999999999997
go-zoo/bone,0.0
umputun/remark,0.75
nwidger/nintengo,0.75
oniony/TMSU,0.0
yyyar/gobetween,0.5555555555555554
gardener/gardener,0.6405228758169932
stianeikeland/go-rpio,0.0
devfeel/dotweb,0.6666666666666664
rakyll/coop,0.0
snapcore/snapd,0.4064516129032259
gliderlabs/ssh,0.0
cloudflare/tableflip,0.0
google/martian,0.8333333333333334
nicksnyder/go-i18n,0.0
kubernetes-sigs/aws-alb-ingress-controller,0.19000000000000017
cloudflare/redoctober,0.0
adammck/terraform-inventory,1.0
weaveworks/flagger,0.0
sanathp/statusok,0.0
keybase/kbfs,0.0
bitfield/script,0.0
gocraft/work,0.0
guptarohit/asciigraph,0.0
rfjakob/gocryptfs,0.0
puma/puma-dev,0.0
wal-g/wal-g,0.8571428571428573
faceair/youjumpijump,0.0
awslabs/aws-lambda-container-image-converter,0.0
terraform-providers/terraform-provider-azurerm,0.485714285714286
minio/mc,0.9523809523809523
GoogleContainerTools/container-structure-test,1.0
keel-hq/keel,0.8400000000000001
uber-go/ratelimit,0.0
matryer/vice,1.0
tylerb/graceful,0.0
sourcegraph/webloop,0.0
hacklcx/HFish,0.0
gavv/httpexpect,1.0
jsha/minica,0.0
lindb/lindb,0.75
docopt/docopt.go,0.0
tylertreat/BoomFilters,0.0
rancher/convoy,0.0
kidoman/embd,0.0
wailsapp/wails,1.0
imroc/req,0.0
banzaicloud/pipeline,0.6818181818181817
0xAX/go-algorithms,0.0
bmizerany/pat,0.0
hyperledger-archives/fabric,0.3714285714285713
baetyl/baetyl,1.0000000000000002
vmware/govmomi,0.2098765432098766
radondb/radon,0.75
aktau/github-release,0.0
facebookarchive/inject,0.0
docker/compose-on-kubernetes,0.5000000000000001
pdfcpu/pdfcpu,0.0
brutella/hc,0.0
coreos/go-systemd,0.33333333333333354
sony/sonyflake,0.0
GoogleCloudPlatform/continuous-deployment-on-kubernetes,0.0
gojp/goreportcard,0.0
mozilla/mig,0.3599999999999999
getantibody/antibody,0.0
isacikgoz/gitbatch,0.0
gojek/heimdall,0.0
jordan-wright/email,0.0
anaskhan96/soup,0.0
go-ozzo/ozzo-validation,0.0
eko/monday,0.0
albrow/fo,0.0
rudderlabs/rudder-server,0.0
genuinetools/reg,0.0
changkun/go-under-the-hood,0.0
shawn1m/overture,1.0
go-oauth2/oauth2,0.0
hashicorp/yamux,0.0
muesli/cache2go,0.0
s3git/s3git,0.0
gophercon/2017-talks,0.0
bradfitz/gomemcache,0.0
thoas/picfit,1.0
drakkan/sftpgo,0.0
djhworld/simple-computer,0.0
michaelmacinnis/oh,0.0
chai2010/go2-book,0.0
ehazlett/stellar,0.0
go-ego/gse,0.0
go-opencv/go-opencv,0.5555555555555554
tidwall/redcon,0.0
EngoEngine/engo,0.48979591836734704
gocelery/gocelery,0.0
bilibili/overlord,0.0
smallstep/certificates,0.0
trustmaster/goflow,0.0
mingrammer/go-web-framework-stars,0.0
apache/dubbo-go,0.9
uniqush/uniqush-push,1.0
appscode/voyager,0.75
terraform-linters/tflint,0.6666666666666664
mcuadros/ofelia,0.0
docker/libcontainer,0.75
c-bata/kube-prompt,0.0
GetStream/vg,1.0
requilence/integram,0.0
ericfreese/rat,0.0
mmcloughlin/avo,0.0
dghubble/gologin,0.0
pkg/profile,0.0
iov-one/weave,0.8333333333333334
jrallison/go-workers,0.0
campoy/justforfunc,0.0
slackhq/go-audit,0.0
y0ssar1an/q,1.0
bradleyjkemp/memviz,0.0
u-root/u-root,0.35000000000000026
GoBelieveIO/im_service,0.0
boyter/scc,0.0
mgartner/pg_flame,0.0
antonholmquist/jason,0.0
nhooyr/websocket,0.0
lonng/nano,0.0
sgreben/jp,0.0
Bytom/bytom,0.26530612244897966
halfrost/LeetCode-Go,0.0
denisenkom/go-mssqldb,0.4
adrianco/spigo,0.0
tleyden/open-ocr,0.0
soheilhy/cmux,0.0
pusher/oauth2_proxy,0.5100000000000002
sensepost/ruler,0.0
submariner-io/submariner,0.4
shyiko/jabba,0.0
rach/pome,0.0
shadowsocks/v2ray-plugin,0.0
looterz/grimd,1.0
compose/transporter,0.0
facette/facette,0.0
bitnami-labs/kubewatch,0.5000000000000001
xtaci/gonet,0.0
segmentio/terraform-docs,0.0
smallnest/go-web-framework-benchmark,1.0
kubernetes-incubator/kube-aws,0.3055555555555558
bemasher/rtlamr,0.0
crosbymichael/skydock,0.0
kylesliu/awesome-golang-leetcode,1.0
thedevsaddam/gojsonq,1.0
clipperhouse/gen,0.75
sevlyar/go-daemon,0.0
JoelOtter/termloop,0.0
dghubble/sling,0.0
mop-tracker/mop,0.0
bwmarrin/discordgo,0.6399999999999997
awslabs/amazon-ecr-credential-helper,1.0
tinylib/msgp,0.0
xiaoming2028/FreeNet,0.0
Terry-Mao/bfs,0.0
abh/geodns,1.0
joyent/containerpilot,0.4375
markphelps/flipt,0.0
hprose/hprose-golang,0.0
cheekybits/genny,0.0
openkruise/kruise,0.7
brocaar/chirpstack-network-server,0.0
juju/errors,0.0
pressly/goose,0.6666666666666664
dshearer/jobber,0.0
cdipaolo/goml,0.0
nadoo/glider,0.0
mitchellh/cli,0.0
Azure/acs-engine,0.6213017751479288
ksonnet/ksonnet,0.3599999999999999
cloud66-oss/habitus,0.5555555555555554
dchest/captcha,0.0
uber-go/dig,0.5555555555555554
oliver006/redis_exporter,0.0
pravj/geopattern,0.0
gographics/imagick,0.0
fatih/pool,0.0
tucnak/telebot,1.0
gosuri/uilive,0.0
splitsh/lite,0.0
FairwindsOps/polaris,0.5000000000000001
rlmcpherson/s3gof3r,0.0
bcicen/slackcat,0.0
google/skicka,0.0
lileio/lile,0.0
ChimeraCoder/anaconda,1.0
golang/tour,0.4375
alicebob/miniredis,0.0
go-llvm/llgo,0.0
pengwynn/flint,0.0
justone/dockviz,1.0
justinas/nosurf,0.0
hanwen/go-fuse,0.0
jondot/goweight,0.0
