reponame,sd
golang/go,1458.5295922130886
kubernetes/kubernetes,2054.4474840031407
gohugoio/hugo,2892.1068736756424
astaxie/build-web-application-with-golang,1831.8270022748336
gin-gonic/gin,993.4030434613721
gogs/gogs,1386.8447741755438
syncthing/syncthing,2667.23275360866
etcd-io/etcd,1665.4466455572929
prometheus/prometheus,1354.7318836996267
containous/traefik,498.10507260891615
junegunn/fzf,2.5707324842478633e-14
caddyserver/caddy,1041.7337802404206
ethereum/go-ethereum,2122.340295659085
astaxie/beego,1619.7949703732909
pingcap/tidb,725.7149609709286
istio/istio,2044.0761290115981
drone/drone,1354.8776791251971
hashicorp/terraform,1768.8838451777967
minio/minio,1441.223964551862
unknwon/the-way-to-go_ZH_CN,264.6559217203677
github/hub,1455.6403047359677
influxdata/influxdb,1974.372469225592
hashicorp/consul,1879.5237886139719
cockroachdb/cockroach,1139.033726870962
go-gitea/gitea,2168.726072865836
rclone/rclone,233.38017948760015
mattermost/mattermost-server,2522.6897358461874
kataras/iris,2.499370971227447e-13
nsqio/nsq,1.0343975445459068e-12
kubernetes/minikube,2516.0590713238853
openfaas/faas,1518.4801015939772
jinzhu/gorm,4.517116653998948e-13
labstack/echo,1896.0687211987965
go-kit/kit,1079.4472577570757
helm/helm,1897.268955335668
spf13/cobra,311.55648604781817
hashicorp/vault,249.16645708970566
jesseduffield/lazygit,3344.919784168373
rancher/rancher,2.719858929491261e-14
cayleygraph/cayley,188.31606718914028
sirupsen/logrus,973.1421827354502
golang/dep,2674.9452792144784
go-delve/delve,2.5707324842478633e-14
jesseduffield/lazydocker,299.9390577266515
urfave/cli,1364.3165859290752
buger/goreplay,0.0
zyedidia/micro,262.13307560400494
dgraph-io/dgraph,2087.9089835043983
revel/revel,1492.306875351125
helm/charts,1343.6242141933824
wtfutil/wtf,1618.7212707612632
go-martini/martini,339.8341057292869
valyala/fasthttp,1503.4562781491475
CodisLabs/codis,1.0343975445459068e-12
gorilla/mux,3186.66148546173
julienschmidt/httprouter,4.674496241689926e-14
spf13/viper,771.7218713117015
kubernetes/kops,1565.6443919689384
micro/go-micro,4.674496241689926e-14
grpc/grpc-go,1610.6282091480123
google/grumpy,1839.0509981545024
google/cadvisor,2075.797808365281
goharbor/harbor,1785.542623184363
rancher/k3s,1746.1999297343505
hashicorp/packer,2244.4029917265784
jaegertracing/jaeger,1015.5850754499564
gizak/termui,0.0
gocolly/colly,432.9517740366249
google/gvisor,2303.935220524274
bcicen/ctop,4.320493495219802e-14
hyperledger/fabric,2364.917803987216
esimov/caire,2.499370971227447e-13
dutchcoders/transfer.sh,2310.6104574389606
vitessio/vitess,2625.9048148943866
ipfs/go-ipfs,1329.1660031819101
stretchr/testify,377.02899111599544
rkt/rkt,144.57067753088612
gopherjs/gopherjs,1031.9060273441512
chrislusf/seaweedfs,867.4727342917894
cnlh/nps,4.5379891100999833e-13
quii/learn-go-with-tests,168.37383417485378
restic/restic,308.7800662932511
go-sql-driver/mysql,1944.8201200281117
asciimoo/wuzz,0.0
elastic/beats,1098.7243588954036
GoogleContainerTools/skaffold,1361.2757056102637
apex/apex,225.52059800062207
cyfdecyf/cow,1.2764907452315305e-12
Masterminds/glide,2307.967057988546
grafana/loki,1367.8640584832076
influxdata/telegraf,1448.0748112052095
git-lfs/git-lfs,1737.7088259942368
gravitational/teleport,278.254385058125
ory/hydra,2570.287928406121
flynn/flynn,1745.866978443441
apex/up,5.774206862465412e-13
go-redis/redis,56.18640258558093
jmoiron/sqlx,5.003623526383074e-13
grpc-ecosystem/grpc-gateway,1252.7099819840287
bilibili/kratos,1.013624946746283e-12
attic-labs/noms,4.517116653998948e-13
rakyll/hey,0.0
future-architect/vuls,527.9784149861717
micro/micro,4.5379891100999833e-13
openshift/origin,1985.4922674920888
fyne-io/fyne,2.1314707260164384e-13
nats-io/nats-server,1471.6691963404107
sjwhitworth/golearn,1088.3305996905651
sqshq/sampler,3.527740722714378e-13
dgraph-io/badger,2394.9317232173926
kelseyhightower/confd,1.0343975445459068e-12
tidwall/tile38,0.0
shadowsocks/shadowsocks-go,1.2764907452315305e-12
urfave/negroni,3.784116190052979e-14
opencontainers/runc,1486.8652225549035
json-iterator/go,4.2114517344434254e-13
kubernetes/dashboard,2335.933255786555
rook/rook,2430.256974137349
tylertreat/comcast,1.0665862336424526e-14
bettercap/bettercap,3308.711306995127
keybase/client,41.31509544685965
blevesearch/bleve,3.527740722714378e-13
kubernetes/ingress-nginx,2047.8958555913302
usefathom/fathom,6.329138758949649e-13
polaris1119/The-Golang-Standard-Library-by-Example,1.0343975445459068e-12
hybridgroup/gobot,2742.0533707542913
fabiolb/fabio,2.5707324842478633e-14
linuxkit/linuxkit,1411.7623033724196
tomnomnom/gron,0.0
docker/swarm,248.00712716057862
weaveworks/weave,726.4076112029238
teh-cmc/go-internals,9.407339136876275e-15
XiaoMi/soar,4.5379891100999833e-13
graphql-go/graphql,2605.6608904340037
rancher/os,1.0343975445459068e-12
loadimpact/k6,1100.372042215859
peco/peco,50.234976717590555
docker/machine,1638.8497242484468
go-xorm/xorm,931.7678103352278
mailhog/MailHog,0.0
casbin/casbin,2874.7639685881686
cheat/cheat,1383.5272423846018
lib/pq,3866.6218487468727
hashicorp/nomad,1481.3480534966736
direnv/direnv,0.0
developer-learning/night-reading-go,161.66995132267607
simeji/jid,4.517116653998948e-13
upspin/upspin,4.00790993862066e-13
aws/aws-sdk-go,4.517116653998948e-13
kubernetes/community,1722.672738778701
zricethezav/gitleaks,3.527740722714378e-13
google/go-github,2866.951949570991
kubeless/kubeless,3251.622720630413
open-falcon/falcon-plus,1752.3114313280378
smartystreets/goconvey,289.42597031758186
gobuffalo/buffalo,2.1314707260164384e-13
rancher/os,1.0343975445459068e-12
coredns/coredns,5.774206862465412e-13
Shopify/sarama,1357.8495835746482
360EntSecGroup-Skylar/excelize,437.4154080269226
docker/distribution,1529.9894255539382
TykTechnologies/tyk,0.0
rqlite/rqlite,2.5707324842478633e-14
DNSCrypt/dnscrypt-proxy,241.01285512758923
robfig/cron,0.0
tinygo-org/tinygo,59.602411327915
rakyll/boom,0.0
goreleaser/goreleaser,4177.972234513869
linkerd/linkerd2,1128.9339018442715
containerd/containerd,1746.7920263244644
hashicorp/serf,2146.6417844252996
nsf/gocode,1037.0340376392942
inlets/inlets,0.0
coreos/flannel,5.003623526383074e-13
akavel/up,0.0
GoogleContainerTools/kaniko,1.245609591899629e-13
schollz/find,4.2114517344434254e-13
cloudflare/cfssl,4.2114517344434254e-13
ponzu-cms/ponzu,415.08148478258295
cilium/cilium,1524.369660191615
src-d/go-git,2649.8981418535536
fiorix/freegeoip,1125.7070041299792
thanos-io/thanos,683.7042437368561
containrrr/watchtower,439.0355257816203
jetstack/cert-manager,2270.2845568421885
kubernetes/kompose,0.0
olivere/elastic,4.674496241689926e-14
concourse/concourse,1484.7061927295056
davecheney/httpstat,4.608592028207155e-13
wallix/awless,92.89293355183267
go-swagger/go-swagger,1469.4647736786983
perkeep/perkeep,1951.8707393171892
fnproject/fn,4430.60614755688
dragonflyoss/Dragonfly,4.5379891100999833e-13
gotify/server,2.5707324842478633e-14
gliderlabs/registrator,404.6952173384851
shirou/gopsutil,2.5707324842478633e-14
lightningnetwork/lnd,5636.575008534895
ginuerzh/gost,1.7283887206283675e-13
qor/qor,1719.9003059179995
google/git-appraise,4.4104759570753044e-13
kubernetes-sigs/kustomize,1492.306875351125
smallnest/rpcx,4.5379891100999833e-13
russross/blackfriday,0.0
alibaba/pouch,350.7994651784086
dapr/dapr,1.665808268025159e-12
miekg/dns,2747.5717761257292
pachyderm/pachyderm,2155.1421391126537
argoproj/argo,3.3439106318198715e-13
muesli/beehive,296.00173337546187
MontFerret/ferret,2.1314707260164384e-13
pulumi/pulumi,9.407339136876275e-15
go-playground/validator,1.7283887206283675e-13
lxn/walk,0.0
fsnotify/fsnotify,2124.442856785389
golangci/golangci-lint,452.33701297572713
uber/prototool,4.2114517344434254e-13
dexidp/dex,430.38014025546954
centrifugal/centrifugo,784.2975568279292
eranyanay/1m-go-websockets,3.527740722714378e-13
Jguer/yay,1.0603932974734416e-12
golang/mobile,1652.561718494744
gaia-pipeline/gaia,5.003623526383074e-13
weaveworks/scope,579.2391393695694
asaskevich/govalidator,40.46555335146146
tektoncd/pipeline,1618.946321198934
mmcgrana/gobyexample,3.527740722714378e-13
derailed/k9s,0.0
prometheus/node_exporter,1395.5670937988887
hashicorp/consul-template,1575.4309410371293
go-acme/lego,166.5167202470184
uber-archive/go-torch,4.2114517344434254e-13
btcsuite/btcd,1533.156257020058
tealeg/xlsx,521.272054685435
adonovan/gopl.io,4.2114517344434254e-13
shazow/ssh-chat,1851.3913060201382
RichardKnop/machinery,0.0
spiral/roadrunner,0.0
Azure/draft,1441.223964551862
goadesign/goa,1743.4530324804132
tj/node-prune,5.774206862465412e-13
kubernetes-sigs/kind,4.674496241689926e-14
elves/elvish,0.0
alecthomas/gometalinter,2.1314707260164384e-13
docker/docker-ce,1837.1369008155036
nsf/termbox-go,0.0
coreos/prometheus-operator,796.9566496962867
rivo/tview,96.01242730566135
emicklei/go-restful,2.719858929491261e-14
99designs/gqlgen,2082.8741266723314
go-yaml/yaml,7.083095854217124e-13
fanpei91/torsniff,1.0343975445459068e-12
motemen/gore,95.62306720042693
jpmorganchase/quorum,1979.642607352782
onsi/ginkgo,5.943350475668818e-14
mozilla-services/heka,242.99514521041908
hoisie/web,4.674496241689926e-14
elazarl/goproxy,5.774206862465412e-13
jung-kurt/gofpdf,0.0
syndtr/goleveldb,4.4104759570753044e-13
satori/go.uuid,0.0
tendermint/tendermint,1112.2870743483234
oxequa/realize,1804.7064614251606
sql-machine-learning/sqlflow,1.2764907452315305e-12
MichaelMure/git-bug,1146.8587298729974
terraform-providers/terraform-provider-aws,1497.794203166788
golang/lint,0.0
DisposaBoy/GoSublime,5.003623526383074e-13
containers/libpod,3269.525625797525
vmware-tanzu/velero,7.055481445428756e-13
gogo/protobuf,451.39401769552467
ansible-semaphore/semaphore,1432.4440884598741
gonum/gonum,3565.874194909558
golang/mock,987.0631259695303
tsuru/tsuru,2989.294283441339
github/orchestrator,3240.1653965871797
fluxcd/flux,1364.6221776062773
gruntwork-io/terragrunt,2.5707324842478633e-14
golang/tools,1667.0271680999424
golang-migrate/migrate,2031.605477874002
astaxie/go-best-practice,1.2764907452315305e-12
jenkins-x/jx,2336.4444472102878
dvyukov/go-fuzz,5.774206862465412e-13
siddontang/ledisdb,4.5379891100999833e-13
ha/doozerd,7.498112913682342e-13
fatih/color,0.0
gruntwork-io/terratest,670.1243741820193
mozilla/sops,263.7660911378668
yuin/gopher-lua,1939.7859076494374
letsencrypt/boulder,0.0
google/gopacket,229.7110964426447
googollee/go-socket.io,1015.0952091354604
vmware-tanzu/octant,7.055481445428756e-13
nuclio/nuclio,3.527740722714378e-13
hashicorp/raft,2458.5401289104257
manifoldco/promptui,1.2764907452315305e-12
graph-gophers/graphql-go,1034.9237248102606
michenriksen/aquatone,5617.207623216677
jwilder/dockerize,2.1314707260164384e-13
goby-lang/goby,26.12236919406796
claudiodangelis/qr-filetransfer,601.1148622412188
gopasspw/gopass,58.862323166430656
AsynkronIT/protoactor-go,193.0302099373364
gwuhaolin/lightsocks,1.0343975445459068e-12
gorgonia/gorgonia,357.76666008442004
windmilleng/tilt,4.2114517344434254e-13
bosun-monitor/bosun,3753.3967601192335
cortesi/devd,0.0
gomods/athens,935.0236888860451
wercker/stern,2.705582584999684e-14
securego/gosec,0.0
asticode/go-astilectron,2.1314707260164384e-13
google/netstack,6.329138758949649e-13
sourcegraph/sourcegraph,5.003623526383074e-13
fatih/structs,0.0
streadway/amqp,5.774206862465412e-13
buger/jsonparser,2.5707324842478633e-14
heroiclabs/nakama,1.0603932974734412e-12
dominikh/go-tools,5.003623526383074e-13
disintegration/imaging,8.666530169642438e-13
olebedev/go-starter-kit,4.674496241689926e-14
kubernetes/client-go,2010.2854267635441
sourcegraph/checkup,2.1314707260164384e-13
h2non/imaginary,6.205444359943585e-13
gobwas/ws,3.3439106318198715e-13
NebulousLabs/Sia,390.67184878660066
hybridgroup/gocv,2070.095256187037
alecthomas/kingpin,3.585073257554434e-14
prometheus/alertmanager,1113.1767508759478
allegro/bigcache,3.3439106318198715e-13
chrislusf/glow,2.5707324842478633e-14
anthonynsimon/bild,4.674496241689926e-14
iron-io/functions,4111.489968709775
open-policy-agent/opa,5.003623526383074e-13
libp2p/go-libp2p,1765.1515420446424
pion/webrtc,6.205444359943585e-13
google/syzkaller,1542.7310903951427
operator-framework/operator-sdk,4.517116653998948e-13
hashicorp/hcl,0.0
siddontang/go-mysql-elasticsearch,4.5379891100999833e-13
koding/kite,451.28946035510467
mholt/archiver,0.0
schollz/croc,2063.379986115585
monochromegane/the_platinum_searcher,126.09336622711788
nlopes/slack,1516.7619979723056
faiface/pixel,414.4166962301879
d4l3k/go-pry,2.705582584999684e-14
googleforgames/agones,6.329138758949649e-13
remind101/empire,1021.0570544188793
kubernetes-retired/heapster,1705.8324695139158
kubernetes/autoscaler,79.24563847211623
nats-io/nats.go,102.15347321958217
panjf2000/ants,1.0343975445459068e-12
Masterminds/squirrel,5.003623526383074e-13
genuinetools/img,4.517116653998948e-13
aquasecurity/trivy,1595.8753768231863
volatiletech/sqlboiler,1593.591725933629
ovh/cds,115.12132342946063
coreos/fleet,69.69075164450658
parnurzeal/gorequest,5109.0634944727435
gobuffalo/packr,2.1314707260164384e-13
thewhitetulip/web-dev-golang-anti-textbook,0.0
lxc/lxd,2931.0408608081943
kubernetes-sigs/external-dns,996.405964743771
knative/serving,2301.144649944047
fvbock/endless,5.347244942476473e-13
gpmgo/gopm,1.2764907452315305e-12
pksunkara/alpaca,0.0
knqyf263/pet,4.517116653998948e-13
OJ/gobuster,1.6528205128587948e-12
containernetworking/cni,2426.3398567701242
nlf/dlite,4.4104759570753044e-13
spf13/afero,0.0
containers/buildah,1951.6309516104957
markbates/goth,3863.5641240484747
jdkato/prose,7.592937538604236e-15
kubernetes-retired/contrib,1850.535032457354
coocood/freecache,1.0343975445459068e-12
mlabouardy/komiser,9.407339136876275e-15
m3db/m3,0.0
esimov/pigo,2.499370971227447e-13
mikespook/Learning-Go-zh-cn,964.9989636521499
benmanns/goworker,4.2114517344434254e-13
virtual-kubelet/virtual-kubelet,2087.9089835043983
mailru/easyjson,473.6641016435453
runatlantis/atlantis,0.0
ReactiveX/RxGo,0.0
docker/swarmkit,1631.9204746697635
astaxie/bat,1.2764907452315305e-12
constabulary/gb,1.2577469197262825e-12
GoogleContainerTools/container-diff,4.2114517344434254e-13
docker/deploykit,1360.411740589082
ilanyu/ReverseProxy,4.5379891100999833e-13
grpc-ecosystem/go-grpc-middleware,5.774206862465412e-13
nfnt/resize,0.0
containous/yaegi,2.1314707260164384e-13
afex/hystrix-go,0.0
jackc/pgx,2.5707324842478633e-14
google/mtail,99.9747461600306
mvdan/sh,2.5707324842478633e-14
Humpheh/goboy,0.0
linkedin/Burrow,0.0
hajimehoshi/ebiten,4.517116653998948e-13
fagongzi/gateway,4.5379891100999833e-13
aws/aws-lambda-go,9.547868222313901e-13
jetstack/kube-lego,2.719858929491261e-14
mmatczuk/go-http-tunnel,0.0
Jeffail/benthos,237.91255720942885
cri-o/cri-o,564.1776049558355
boramalper/magnetico,83.48641527435448
gopherdata/gophernotes,0.0
emitter-io/emitter,2100.4989949973565
shiyanhui/dht,1.0343975445459068e-12
digitalocean/doctl,2037.0107827159343
divan/txqr,0.0
go-task/task,643.3670772699041
goproxy/goproxy.cn,1.0343975445459068e-12
nginxinc/kubernetes-ingress,578.5237105486204
siddontang/go-mysql,4.5379891100999833e-13
devopsfaith/krakend,0.0
theupdateframework/notary,868.9401941726792
purpleidea/mgmt,131.70122231300564
cortexproject/cortex,1257.8235262216026
distribworks/dkron,130.9040228735997
fogleman/gg,4.5379891100999833e-13
mgechev/revive,2.1314707260164384e-13
GoogleCloudPlatform/terraformer,1057.276357259232
dunglas/vulcain,0.0
jedisct1/piknik,9.407339136876275e-15
DATA-DOG/go-sqlmock,217.91935371104034
projectcontour/contour,7.055481445428756e-13
goodrain/rainbond,4.5379891100999833e-13
floyernick/Data-Structures-and-Algorithms,0.0
42wim/matterbridge,1013.6416362820399
moby/buildkit,1438.6114019827764
hyperhq/hyperd,135.2922307978572
golang/net,2805.06903788933
twpayne/chezmoi,4.00790993862066e-13
google/trillian,547.5743767434803
rtr7/router7,4.00790993862066e-13
tdewolff/minify,5.774206862465412e-13
Ullaakut/cameradar,0.0
elastic/go-elasticsearch,2.3352659183575373e-13
zalando/skipper,2.5707324842478636e-14
googleapis/google-cloud-go,4379.507800604801
argoproj/argo-cd,2094.1509786352785
hellofresh/janus,2.5707324842478633e-14
kubernetes-sigs/kubebuilder,4.2114517344434254e-13
gopher-os/gopher-os,5.774206862465412e-13
olekukonko/tablewriter,0.0
howeyc/fsnotify,6.329138758949649e-13
justinas/alice,0.0
mpolden/echoip,0.0
minishift/minishift,2026.108434049869
shunfei/cronsun,4.5379891100999833e-13
src-d/gitbase,750.4328558141643
weaveworks/eksctl,1319.9038860584385
fireworq/fireworq,71.98776662049463
kabukky/journey,0.0
alecthomas/chroma,1.665808268025159e-12
prometheus/client_golang,296.02330101715245
influxdata/kapacitor,0.0
intelsdi-x/snap,1501.933470770693
kubeedge/kubeedge,1153.3481475683523
brigadecore/brigade,5.774206862465412e-13
solo-io/gloo,7.896315801845629e-13
solo-io/gloo,7.896315801845629e-13
coreos/torus,4.517116653998948e-13
cube2222/octosql,3.3439106318198715e-13
marcusolsson/tui-go,4.4104759570753044e-13
hashicorp/go-plugin,5.774206862465412e-13
kubernetes-incubator/external-storage,1890.598829705286
convox/rack,1172.3293425645345
chaitin/xray,1.0343975445459068e-12
aptly-dev/aptly,323.89503949310364
feixiao/Distributed-Systems,1.0343975445459068e-12
whyrusleeping/gx,0.0
go-telegram-bot-api/telegram-bot-api,0.0
GeertJohan/go.rice,2.1314707260164384e-13
arduino/arduino-cli,0.0
Azure/golua,4.2114517344434254e-13
bxcodec/go-clean-arch,1.5727276822311075e-12
goadapp/goad,2.5707324842478633e-14
osrg/gobgp,2915.9308448124893
docker/cli,1800.3038788737888
swaggo/swag,476.4198920430584
kubernetes/kube-state-metrics,858.5959841471362
GoogleCloudPlatform/golang-samples,5.774206862465412e-13
dunglas/mercure,52.302103074260366
containers/skopeo,9.407339136876275e-15
s-rah/onionscan,6.329138758949649e-13
magefile/mage,0.0
jasonlvhit/gocron,0.0
kubernetes/test-infra,2165.172777029907
matcornic/hermes,392.08684943195516
gocql/gocql,1108.0222952842942
googleforgames/open-match,4.2114517344434254e-13
Jeffail/gabs,0.0
zachlatta/sshtron,0.0
hashicorp/memberlist,3584.4602414929923
vmware-tanzu/sonobuoy,7.055481445428756e-13
laher/goxc,4.608592028207155e-13
golang/crypto,181.87051848064078
eth0izzle/shhgit,2.1314707260164384e-13
kubesphere/kubesphere,192.54362042933838
github/git-sizer,2.5707324842478633e-14
skanehira/docui,32.89150490261491
opencontainers/runtime-spec,1271.3933659424772
gosuri/uiprogress,4.320493495219802e-14
natefinch/lumberjack,0.0
ImVexed/muon,4.2114517344434254e-13
arnauddri/algorithms,2.1314707260164384e-13
divan/expvarmon,0.0
talos-systems/talos,8.666530169642438e-13
fsouza/go-dockerclient,2107.445073107591
gokrazy/gokrazy,4.00790993862066e-13
kubicorn/kubicorn,267.95693335206533
labstack/armor,2.1314707260164384e-13
kubevirt/kubevirt,1037.8279276786186
op/go-logging,1.639281396706801e-13
jessevdk/go-flags,3267.836320212156
rancher/rke,2.719858929491261e-14
openshift/osin,4.2114517344434254e-13
tenta-browser/tenta-dns,3.784116190052979e-14
flosch/pongo2,1.245609591899629e-13
golang/vgo,2.5707324842478633e-14
ory/ladon,5.003623526383074e-13
olivia-ai/olivia,6.854745974306646e-14
sciter-sdk/go-sciter,0.0
ory/oathkeeper,5.003623526383074e-13
kata-containers/runtime,758.4066714937397
motemen/ghq,74.06279292863681
bitnami-labs/sealed-secrets,4193.707605205698
roboll/helmfile,0.0
openshift/source-to-image,3229.406876288494
mattn/go-gtk,1172.6215298119726
apex/gh-polls,5.774206862465412e-13
docker/libnetwork,1523.5772557215998
juju/juju,1527.4137396370445
serverless/event-gateway,0.0
gopherjs/vecty,2.5707324842478633e-14
rubenv/sql-migrate,0.0
SpectoLabs/hoverfly,67.6800631700586
rethinkdb/rethinkdb-go,2.1314707260164384e-13
ThreeDotsLabs/watermill,146.5380880223004
AutoSpotting/AutoSpotting,5.1414649684957266e-14
studygolang/studygolang,116.5632033162693
marcusolsson/goddd,4.4104759570753044e-13
cosmos/cosmos-sdk,1305.2699498314514
instrumenta/kubeval,2.705582584999684e-14
tj/mmake,5.774206862465412e-13
google/keytransparency,5.774206862465412e-13
spaceuptech/space-cloud,5.003623526383074e-13
bouk/monkey,2.719858929491261e-14
koding/koding,1336.2255262929411
openfaas/faas-netes,1915.9353559743224
cortexlabs/cortex,6.329138758949649e-13
utahta/pythonbrew,1443.2283489808237
astaxie/gopkg,192.54362042933843
asdine/storm,0.0
Jeffail/tunny,0.0
kryptco/kr,4.2114517344434254e-13
hashicorp/envconsul,1.7623298615753005e-12
tus/tusd,2.5707324842478633e-14
svent/sift,5.003623526383074e-13
skydive-project/skydive,493.6564175851831
google/gapid,1021.0570544188793
Masterminds/sprig,5.943350475668818e-14
sylabs/singularity,2617.421108109816
barnybug/cli53,2.616765271232464e-13
perlin-network/life,3.3439106318198715e-13
segmentio/chamber,0.0
chzyer/readline,4.5379891100999833e-13
cosmos72/gomacro,0.0
esimov/triangle,2.499370971227447e-13
libgit2/git2go,2744.8559618307804
dop251/goja,5.774206862465412e-13
lastbackend/lastbackend,2.5707324842478633e-14
cihub/seelog,4.2114517344434254e-13
StackExchange/dnscontrol,3396.445804672497
hunterlong/statping,5.003623526383074e-13
ajvb/kala,1253.4293783941873
thoas/go-funk,270.6392857889125
aerokube/selenoid,2.5707324842478633e-14
crazy-max/WindowsSpyBlocker,2.1314707260164384e-13
alexei-led/pumba,3.527740722714378e-13
liftbridge-io/liftbridge,1.060393297473441e-12
mattn/gom,1827.296171964185
kisielk/errcheck,1382.1861629701582
sofastack/sofa-mosn,212.74619877929916
stripe/veneur,4.998741942454894e-13
cloudfoundry/cli,1342.645053947069
flant/werf,8.666530169642438e-13
xeipuuv/gojsonschema,2.719858929491261e-14
cuelang/cue,7.083095854217124e-13
kedacore/keda,0.0
DMarby/picsum-photos,4.4104759570753044e-13
vektra/mockery,0.0
aws/amazon-ecs-cli,4.517116653998948e-13
reviewdog/reviewdog,676.9419748955902
cortesi/modd,0.0
hashicorp/go-memdb,3584.4602414929923
docker/app,825.627926966984
microcosm-cc/bluemonday,5.774206862465412e-13
ssllabs/ssllabs-scan,5.774206862465412e-13
thrasher-corp/gocryptotrader,3553.0975148711955
go-chassis/go-chassis,1.0343975445459068e-12
kythe/kythe,2507.4982322842416
kubernetes-sigs/metrics-server,3.3439106318198715e-13
caarlos0/env,5.774206862465412e-13
flashmob/go-guerrilla,81.65523316130377
unrolled/render,6.329138758949649e-13
funny/link,0.0
ory/fosite,5.003623526383074e-13
metrue/fx,1.2764907452315305e-12
ddollar/forego,0.0
justjanne/powerline-go,1627.616218081027
xiaonanln/goworld,1.2764907452315305e-12
mit-pdos/biscuit,1466.6230582478797
orcaman/concurrent-map,4.5379891100999833e-13
julienschmidt/go-http-routing-benchmark,4.674496241689926e-14
cloudnativelabs/kube-router,0.0
panjf2000/gnet,1.0343975445459068e-12
glycerine/zygomys,0.0
deckarep/golang-set,1.060393297473441e-12
hyper0x/Golang_Puzzlers,1.0343975445459068e-12
unrolled/secure,6.329138758949649e-13
square/certstrap,0.0
disintegration/gift,8.666530169642438e-13
perlin-network/noise,3270.3868999532956
filecoin-project/go-filecoin,204.04424441902938
helm/monocular,5.943350475668818e-14
prometheus/blackbox_exporter,363.4743057802204
juju/ratelimit,7.083095854217124e-13
go-echarts/go-echarts,1140.6953857412145
writeas/writefreely,130.9040228735997
antonmedv/red,0.0
lovoo/goka,36.1297029824849
solo-io/squash,7.896315801845629e-13
mattn/goreman,0.0
haxpax/gosms,7.200970596239488e-14
monochromegane/go_design_pattern,0.0
shiyanhui/hero,1.0343975445459068e-12
appc/spec,945.7056129418588
umputun/remark,0.0
oniony/TMSU,2659.885217014966
yyyar/gobetween,2052.6367911984726
gardener/gardener,1688.145104470341
stianeikeland/go-rpio,0.0
devfeel/dotweb,249.28613096367903
snapcore/snapd,1633.572417653844
gliderlabs/ssh,5.003623526383074e-13
kubernetes-sigs/aws-alb-ingress-controller,1106.753864258464
cloudflare/redoctober,4.2114517344434254e-13
adammck/terraform-inventory,2.8115823965790907e-13
weaveworks/flagger,0.0
guptarohit/asciigraph,0.0
wal-g/wal-g,2659.9607191932855
terraform-providers/terraform-provider-azurerm,1788.4695504782655
keel-hq/keel,0.0
uber-go/ratelimit,9.457410609465752e-13
matryer/vice,5.774206862465412e-13
tylerb/graceful,1531.971223874443
hacklcx/HFish,4.5379891100999833e-13
lindb/lindb,249.28613096367903
docopt/docopt.go,7.217806671427905e-13
imroc/req,4.5379891100999833e-13
banzaicloud/pipeline,0.0
hyperledger-archives/fabric,2446.958181922245
baetyl/baetyl,4.5379891100999833e-13
vmware/govmomi,6212.062534462028
aktau/github-release,0.0
docker/compose-on-kubernetes,77.65568447700757
pdfcpu/pdfcpu,7.498112913682342e-13
brutella/hc,0.0
coreos/go-systemd,36.1297029824849
gojp/goreportcard,4.517116653998948e-13
mozilla/mig,3248.064101264221
gojek/heimdall,7.200970596239488e-14
eko/monday,9.407339136876275e-15
genuinetools/reg,71.9327516416862
changkun/go-under-the-hood,4.674496241689926e-14
hashicorp/yamux,1.7623298615753005e-12
gophercon/2017-talks,5.774206862465412e-13
thoas/picfit,9.407339136876275e-15
drakkan/sftpgo,0.0
djhworld/simple-computer,5.774206862465412e-13
EngoEngine/engo,96.80380096542616
gocelery/gocelery,6.329138758949649e-13
bilibili/overlord,1.2764907452315305e-12
mingrammer/go-web-framework-stars,0.0
apache/dubbo-go,307.0538046835245
uniqush/uniqush-push,1.5727276822311075e-12
appscode/voyager,1909.1671735197679
terraform-linters/tflint,1632.6432572679864
mcuadros/ofelia,2.1760868132283096e-14
docker/libcontainer,289.42597031758186
GetStream/vg,2.705582584999684e-14
iov-one/weave,86.6939942433373
jrallison/go-workers,3.784116190052979e-14
slackhq/go-audit,0.0
u-root/u-root,2000.5541045884968
Bytom/bytom,4.5379891100999833e-13
denisenkom/go-mssqldb,2989.3185261701788
pusher/oauth2_proxy,14.44909159056285
submariner-io/submariner,2.1760868132283096e-14
shadowsocks/v2ray-plugin,1.2764907452315305e-12
facette/facette,0.0
bitnami-labs/kubewatch,285.29259586521925
segmentio/terraform-docs,949.0398722698125
smallnest/go-web-framework-benchmark,4.5379891100999833e-13
kubernetes-incubator/kube-aws,318.61700681025434
thedevsaddam/gojsonq,0.0
clipperhouse/gen,0.0
bwmarrin/discordgo,259.4626586787645
tinylib/msgp,2.5707324842478633e-14
abh/geodns,902.7893588912557
hprose/hprose-golang,249.28613096367903
cheekybits/genny,5.774206862465412e-13
openkruise/kruise,1.2764907452315305e-12
pressly/goose,536.0716769869341
dshearer/jobber,2.719858929491261e-14
Azure/acs-engine,9.407339136876275e-15
ksonnet/ksonnet,0.0
oliver006/redis_exporter,5.003623526383074e-13
gographics/imagick,2.5707324842478633e-14
fatih/pool,0.0
tucnak/telebot,8.666530169642438e-13
gosuri/uilive,4.320493495219802e-14
lileio/lile,0.0
golang/tour,0.0
go-llvm/llgo,4.4104759570753044e-13
pengwynn/flint,6.785731892591321e-13
justinas/nosurf,0.0
