,name
0,golang/go
1,kubernetes/kubernetes
2,moby/moby
3,avelino/awesome-go
4,getlantern/lantern
5,gohugoio/hugo
6,astaxie/build-web-application-with-golang
7,gin-gonic/gin
8,gogs/gogs
9,fatedier/frp
10,syncthing/syncthing
11,etcd-io/etcd
12,prometheus/prometheus
13,containous/traefik
14,junegunn/fzf
15,caddyserver/caddy
16,ethereum/go-ethereum
17,v2ray/v2ray-core
18,astaxie/beego
19,pingcap/tidb
20,FiloSottile/mkcert
21,istio/istio
22,drone/drone
23,hashicorp/terraform
24,minio/minio
25,unknwon/the-way-to-go_ZH_CN
26,iikira/BaiduPCS-Go
27,github/hub
28,influxdata/influxdb
29,hashicorp/consul
30,inconshreveable/ngrok
31,wagoodman/dive
32,cockroachdb/cockroach
33,go-gitea/gitea
34,rclone/rclone
35,mattermost/mattermost-server
36,kataras/iris
37,nsqio/nsq
38,kubernetes/minikube
39,openfaas/faas
40,jinzhu/gorm
41,labstack/echo
42,yeasy/docker_practice
43,go-kit/kit
44,helm/helm
45,spf13/cobra
46,hashicorp/vault
47,joewalnes/websocketd
48,jesseduffield/lazygit
49,yudai/gotty
50,rancher/rancher
51,cayleygraph/cayley
52,tsenart/vegeta
53,sirupsen/logrus
54,golang/dep
55,go-delve/delve
56,jesseduffield/lazydocker
57,urfave/cli
58,buger/goreplay
59,zyedidia/micro
60,dgraph-io/dgraph
61,revel/revel
62,tmrts/go-patterns
63,xtaci/kcptun
64,helm/charts
65,wtfutil/wtf
66,go-martini/martini
67,valyala/fasthttp
68,coreybutler/nvm-windows
69,fogleman/primitive
70,txthinking/brook
71,CodisLabs/codis
72,gorilla/mux
73,gorilla/websocket
74,julienschmidt/httprouter
75,boltdb/bolt
76,spf13/viper
77,kubernetes/kops
78,micro/go-micro
79,grpc/grpc-go
80,google/grumpy
81,google/cadvisor
82,goharbor/harbor
83,chai2010/advanced-go-programming-book
84,rancher/k3s
85,hashicorp/packer
86,jaegertracing/jaeger
87,gizak/termui
88,gocolly/colly
89,google/gvisor
90,bcicen/ctop
91,peterq/pan-light
92,hyperledger/fabric
93,esimov/caire
94,dutchcoders/transfer.sh
95,vitessio/vitess
96,ipfs/go-ipfs
97,stretchr/testify
98,rkt/rkt
99,gopherjs/gopherjs
100,chrislusf/seaweedfs
101,cnlh/nps
102,quii/learn-go-with-tests
103,restic/restic
104,go-sql-driver/mysql
105,asciimoo/wuzz
106,iawia002/annie
107,dinedal/textql
108,uber-go/zap
109,elastic/beats
110,PuerkitoBio/goquery
111,GoogleContainerTools/skaffold
112,apex/apex
113,golang/groupcache
114,cyfdecyf/cow
115,Masterminds/glide
116,grafana/loki
117,influxdata/telegraf
118,git-lfs/git-lfs
119,gravitational/teleport
120,Netflix/chaosmonkey
121,ory/hydra
122,flynn/flynn
123,apex/up
124,go-redis/redis
125,jmoiron/sqlx
126,grpc-ecosystem/grpc-gateway
127,andlabs/ui
128,snail007/goproxy
129,bilibili/kratos
130,attic-labs/noms
131,emirpasic/gods
132,rakyll/hey
133,future-architect/vuls
134,micro/micro
135,openshift/origin
136,fyne-io/fyne
137,nats-io/nats-server
138,unknwon/go-fundamental-programming
139,sjwhitworth/golearn
140,sqshq/sampler
141,dgraph-io/badger
142,kelseyhightower/confd
143,gomodule/redigo
144,google/go-cloud
145,go-chi/chi
146,tidwall/tile38
147,shadowsocks/shadowsocks-go
148,dgrijalva/jwt-go
149,urfave/negroni
150,therecipe/qt
151,opencontainers/runc
152,json-iterator/go
153,kubernetes/dashboard
154,rook/rook
155,ardanlabs/gotraining
156,tylertreat/comcast
157,bettercap/bettercap
158,hoanhan101/ultimate-go
159,cjbassi/gotop
160,sosedoff/pgweb
161,keybase/client
162,blevesearch/bleve
163,henrylee2cn/pholcus
164,kubernetes/ingress-nginx
165,usefathom/fathom
166,gdrive-org/gdrive
167,schachmat/wego
168,filebrowser/filebrowser
169,polaris1119/The-Golang-Standard-Library-by-Example
170,hybridgroup/gobot
171,coreos/clair
172,fabiolb/fabio
173,linuxkit/linuxkit
174,tomnomnom/gron
175,docker/swarm
176,weaveworks/weave
177,jroimartin/gocui
178,teh-cmc/go-internals
179,tools/godep
180,XiaoMi/soar
181,graphql-go/graphql
182,golang/protobuf
183,rancher/os
184,loadimpact/k6
185,peco/peco
186,docker/machine
187,go-xorm/xorm
188,mailhog/MailHog
189,casbin/casbin
190,cheat/cheat
191,lib/pq
192,hashicorp/nomad
193,direnv/direnv
194,developer-learning/night-reading-go
195,simeji/jid
196,tidwall/gjson
197,upspin/upspin
198,aws/aws-sdk-go
199,Workiva/go-datastructures
200,kubernetes/community
201,pkg/errors
202,zricethezav/gitleaks
203,google/go-github
204,kubeless/kubeless
205,open-falcon/falcon-plus
206,cloudson/gitql
207,smartystreets/goconvey
208,yeasy/blockchain_guide
209,gobuffalo/buffalo
210,GoesToEleven/GolangTraining
211,rancher/os
212,coredns/coredns
213,Shopify/sarama
214,360EntSecGroup-Skylar/excelize
215,docker/distribution
216,TykTechnologies/tyk
217,rqlite/rqlite
218,robertkrimen/otto
219,erroneousboat/slack-term
220,kardianos/govendor
221,bitly/oauth2_proxy
222,go-ego/riot
223,google/seesaw
224,DNSCrypt/dnscrypt-proxy
225,yinghuocho/firefly-proxy
226,robfig/cron
227,tinygo-org/tinygo
228,flike/kingshard
229,rakyll/boom
230,goreleaser/goreleaser
231,linkerd/linkerd2
232,containerd/containerd
233,hashicorp/serf
234,nsf/gocode
235,zserge/lorca
236,inlets/inlets
237,coreos/flannel
238,akavel/up
239,fission/fission
240,gcla/termshark
241,xo/usql
242,GoogleContainerTools/kaniko
243,schollz/find
244,cloudflare/cfssl
245,ponzu-cms/ponzu
246,cilium/cilium
247,src-d/go-git
248,fiorix/freegeoip
249,thanos-io/thanos
250,containrrr/watchtower
251,jetstack/cert-manager
252,kubernetes/kompose
253,olivere/elastic
254,Dreamacro/clash
255,concourse/concourse
256,davecheney/httpstat
257,wallix/awless
258,facebookarchive/grace
259,go-swagger/go-swagger
260,adnanh/webhook
261,google/gxui
262,google/battery-historian
263,cdr/sshcode
264,perkeep/perkeep
265,fnproject/fn
266,dragonflyoss/Dragonfly
267,gotify/server
268,fogleman/nes
269,gliderlabs/registrator
270,shirou/gopsutil
271,lightningnetwork/lnd
272,photoprism/photoprism
273,gophish/gophish
274,Shopify/toxiproxy
275,ginuerzh/gost
276,michenriksen/gitrob
277,qor/qor
278,google/git-appraise
279,coyove/goflyway
280,kubernetes-sigs/kustomize
281,smallnest/rpcx
282,russross/blackfriday
283,alibaba/pouch
284,dapr/dapr
285,miekg/dns
286,pachyderm/pachyderm
287,argoproj/argo
288,muesli/beehive
289,MontFerret/ferret
290,pulumi/pulumi
291,go-playground/validator
292,jpillora/cloud-torrent
293,chromedp/chromedp
294,lxn/walk
295,fsnotify/fsnotify
296,appleboy/gorush
297,golangci/golangci-lint
298,uber/prototool
299,dexidp/dex
300,centrifugal/centrifugo
301,eranyanay/1m-go-websockets
302,gliderlabs/logspout
303,Jguer/yay
304,golang/mobile
305,gaia-pipeline/gaia
306,weaveworks/scope
307,asaskevich/govalidator
308,b3log/pipe
309,tektoncd/pipeline
310,dropbox/godropbox
311,HFO4/gameboy.live
312,microsoft/ethr
313,tidwall/evio
314,mmcgrana/gobyexample
315,derailed/k9s
316,Terry-Mao/goim
317,prometheus/node_exporter
318,hashicorp/consul-template
319,go-acme/lego
320,uber-archive/go-torch
321,alexflint/gallium
322,btcsuite/btcd
323,tealeg/xlsx
324,adonovan/gopl.io
325,shazow/ssh-chat
326,RichardKnop/machinery
327,rgburke/grv
328,spiral/roadrunner
329,Azure/draft
330,goadesign/goa
331,tj/node-prune
332,kubernetes-sigs/kind
333,twitchtv/twirp
334,mongodb/mongo-go-driver
335,elves/elvish
336,kashav/fsql
337,zenazn/goji
338,alecthomas/gometalinter
339,docker/docker-ce
340,nsf/termbox-go
341,contribsys/faktory
342,coreos/prometheus-operator
343,rivo/tview
344,emicklei/go-restful
345,99designs/gqlgen
346,travisjeffery/jocko
347,go-yaml/yaml
348,mitchellh/gox
349,fanpei91/torsniff
350,davecgh/go-spew
351,motemen/gore
352,jpmorganchase/quorum
353,gchaincl/httplab
354,aelsabbahy/goss
355,gomatcha/matcha
356,google/gops
357,onsi/ginkgo
358,jwilder/docker-gen
359,huichen/wukong
360,mozilla-services/heka
361,hoisie/web
362,elazarl/goproxy
363,schollz/find3
364,jung-kurt/gofpdf
365,docker-slim/docker-slim
366,igrigorik/ga-beacon
367,syndtr/goleveldb
368,ant0ine/go-json-rest
369,satori/go.uuid
370,lifei6671/mindoc
371,EasyDarwin/EasyDarwin
372,jpillora/chisel
373,lucas-clemente/quic-go
374,tendermint/tendermint
375,oxequa/realize
376,sql-machine-learning/sqlflow
377,burke/zeus
378,MichaelMure/git-bug
379,OWASP/Go-SCP
380,terraform-providers/terraform-provider-aws
381,golang/lint
382,DisposaBoy/GoSublime
383,containers/libpod
384,vmware-tanzu/velero
385,go-flutter-desktop/go-flutter
386,go-pg/pg
387,gogo/protobuf
388,ansible-semaphore/semaphore
389,gonum/gonum
390,name5566/leaf
391,golang/mock
392,patrickmn/go-cache
393,meshbird/meshbird
394,go-gorp/gorp
395,tsuru/tsuru
396,github/orchestrator
397,fluxcd/flux
398,gruntwork-io/terragrunt
399,golang/tools
400,golang-migrate/migrate
401,codegangsta/gin
402,astaxie/go-best-practice
403,variadico/noti
404,jenkins-x/jx
405,dvyukov/go-fuzz
406,tophubs/TopList
407,siddontang/ledisdb
408,ha/doozerd
409,fatih/color
410,maxence-charriere/app
411,gruntwork-io/terratest
412,adtac/commento
413,anacrolix/torrent
414,mozilla/sops
415,yuin/gopher-lua
416,knadh/listmonk
417,letsencrypt/boulder
418,google/gopacket
419,googollee/go-socket.io
420,uber/kraken
421,progrium/localtunnel
422,vmware-tanzu/octant
423,nuclio/nuclio
424,goproxyio/goproxy
425,tianon/gosu
426,hashicorp/raft
427,Tencent/bk-cmdb
428,uber/cadence
429,bitly/go-simplejson
430,manifoldco/promptui
431,graph-gophers/graphql-go
432,michenriksen/aquatone
433,hasura/gitkube
434,ffhelicopter/Go42
435,jwilder/dockerize
436,goby-lang/goby
437,claudiodangelis/qr-filetransfer
438,gopasspw/gopass
439,AsynkronIT/protoactor-go
440,gwuhaolin/lightsocks
441,nytimes/gizmo
442,gorgonia/gorgonia
443,davyxu/cellnet
444,BurntSushi/toml
445,windmilleng/tilt
446,vugu/vugu
447,google/pprof
448,bosun-monitor/bosun
449,cookieY/Yearning
450,cortesi/devd
451,go-macaron/macaron
452,gomods/athens
453,wercker/stern
454,crawlab-team/crawlab
455,securego/gosec
456,asticode/go-astilectron
457,vulcand/vulcand
458,google/netstack
459,sourcegraph/sourcegraph
460,fatih/structs
461,streadway/amqp
462,zxh0/jvm.go
463,buger/jsonparser
464,oklog/oklog
465,heroiclabs/nakama
466,dominikh/go-tools
467,gilbertchen/duplicacy
468,imgproxy/imgproxy
469,99designs/aws-vault
470,disintegration/imaging
471,olebedev/go-starter-kit
472,mitchellh/mapstructure
473,kubernetes/client-go
474,lni/dragonboat
475,sourcegraph/checkup
476,h2non/imaginary
477,gobwas/ws
478,NebulousLabs/Sia
479,hybridgroup/gocv
480,kgretzky/evilginx2
481,alecthomas/kingpin
482,prometheus/alertmanager
483,nektos/act
484,allegro/bigcache
485,karan/joe
486,chrislusf/glow
487,anthonynsimon/bild
488,iron-io/functions
489,open-policy-agent/opa
490,jingweno/ccat
491,mholt/certmagic
492,libp2p/go-libp2p
493,pion/webrtc
494,ksimka/go-is-not-good
495,google/syzkaller
496,operator-framework/operator-sdk
497,c-bata/go-prompt
498,hashicorp/hcl
499,siddontang/go-mysql-elasticsearch
500,google/wire
501,koding/kite
502,rcrowley/go-metrics
503,mholt/archiver
504,schollz/croc
505,monochromegane/the_platinum_searcher
506,nlopes/slack
507,rs/zerolog
508,faiface/pixel
509,mailgun/godebug
510,d4l3k/go-pry
511,googleforgames/agones
512,remind101/empire
513,golang/oauth2
514,soundcloud/roshi
515,kelseyhightower/envconfig
516,fogleman/ln
517,360EntSecGroup-Skylar/goreporter
518,kubernetes-retired/heapster
519,pquerna/ffjson
520,kubernetes/autoscaler
521,nats-io/nats.go
522,tidwall/buntdb
523,panjf2000/ants
524,Masterminds/squirrel
525,genuinetools/img
526,go-gomail/gomail
527,kahing/goofys
528,aquasecurity/trivy
529,campoy/go-tooling-workshop
530,drk1wi/Modlishka
531,Jeiwan/blockchain_go
532,volatiletech/sqlboiler
533,ovh/cds
534,go-mgo/mgo
535,coreos/fleet
536,whalebrew/whalebrew
537,parnurzeal/gorequest
538,wcharczuk/go-chart
539,sorintlab/stolon
540,gobuffalo/packr
541,goinaction/code
542,thewhitetulip/web-dev-golang-anti-textbook
543,fullstorydev/grpcurl
544,lxc/lxd
545,kubernetes-sigs/external-dns
546,knative/serving
547,HouzuoGuo/tiedot
548,syncsynchalt/illustrated-tls
549,tinode/chat
550,fvbock/endless
551,gpmgo/gopm
552,pksunkara/alpaca
553,knqyf263/pet
554,golang/glog
555,OJ/gobuster
556,Ne0nd0g/merlin
557,gravityblast/fresh
558,containernetworking/cni
559,nlf/dlite
560,spf13/afero
561,containers/buildah
562,markbates/goth
563,docker/libchan
564,gravitational/teleconsole
565,unknwon/go-web-foundation
566,joho/godotenv
567,cweill/gotests
568,xtaci/kcp-go
569,jdkato/prose
570,kubernetes-retired/contrib
571,coocood/freecache
572,genuinetools/binctr
573,mlabouardy/komiser
574,vuvuzela/vuvuzela
575,m3db/m3
576,rakyll/statik
577,esimov/pigo
578,mikespook/Learning-Go-zh-cn
579,mattes/migrate
580,AdguardTeam/AdGuardHome
581,benmanns/goworker
582,jinzhu/now
583,virtual-kubelet/virtual-kubelet
584,mailru/easyjson
585,runatlantis/atlantis
586,xo/xo
587,chrislusf/gleam
588,buzzfeed/sso
589,go-resty/resty
590,ReactiveX/RxGo
591,mehrdadrad/mylg
592,FiloSottile/Heartbleed
593,docker/swarmkit
594,astaxie/bat
595,OWASP/Amass
596,constabulary/gb
597,GoogleContainerTools/container-diff
598,docker/deploykit
599,ilanyu/ReverseProxy
600,grpc-ecosystem/go-grpc-middleware
601,nfnt/resize
602,containous/yaegi
603,afex/hystrix-go
604,itsabot/itsabot
605,maruel/panicparse
606,TrueFurby/go-callvis
607,jackc/pgx
608,google/mtail
609,mvdan/sh
610,Humpheh/goboy
611,linkedin/Burrow
612,hajimehoshi/ebiten
613,uber/aresdb
614,gernest/utron
615,prest/prest
616,fagongzi/gateway
617,aws/aws-lambda-go
618,sourcegraph/thyme
619,jetstack/kube-lego
620,mmatczuk/go-http-tunnel
621,sideshow/apns2
622,aquasecurity/kube-bench
623,Jeffail/benthos
624,cri-o/cri-o
625,boramalper/magnetico
626,ChimeraCoder/gojson
627,gopherdata/gophernotes
628,goraft/raft
629,emitter-io/emitter
630,shiyanhui/dht
631,digitalocean/doctl
632,divan/txqr
633,TarsCloud/TarsGo
634,go-task/task
635,opentracing/opentracing-go
636,goproxy/goproxy.cn
637,kardianos/service
638,nginxinc/kubernetes-ingress
639,siddontang/go-mysql
640,devopsfaith/krakend
641,chaosblade-io/chaosblade
642,theupdateframework/notary
643,cheggaaa/pb
644,maxmcd/webtty
645,purpleidea/mgmt
646,aQuaYi/LeetCode-in-Go
647,solo-io/unik
648,google/codesearch
649,googleapis/google-api-go-client
650,pressly/sup
651,volatiletech/authboss
652,gwuhaolin/livego
653,cortexproject/cortex
654,distribworks/dkron
655,fogleman/gg
656,mgechev/revive
657,GoogleCloudPlatform/terraformer
658,liamg/aminal
659,dustin/go-humanize
660,dunglas/vulcain
661,jedisct1/piknik
662,DATA-DOG/go-sqlmock
663,projectcontour/contour
664,yahoo/gryffin
665,TruthHun/DocHub
666,upper/db
667,goodrain/rainbond
668,ouqiang/gocron
669,360EntSecGroup-Skylar/ElasticHD
670,aimerforreimu/auxpi
671,floyernick/Data-Structures-and-Algorithms
672,getgauge/gauge
673,mholt/timeliner
674,42wim/matterbridge
675,mickael-kerjean/filestash
676,moby/buildkit
677,shen100/golang123
678,jgrahamc/httpdiff
679,arachnys/athenapdf
680,hyperhq/hyperd
681,golang/net
682,twpayne/chezmoi
683,ashleymcnamara/gophers
684,google/trillian
685,rtr7/router7
686,henrylee2cn/teleport
687,pilosa/pilosa
688,tdewolff/minify
689,Ullaakut/cameradar
690,moncho/dry
691,elastic/go-elasticsearch
692,zalando/skipper
693,go-qml/qml
694,skynetservices/skynet-archive
695,EDDYCJY/go-gin-example
696,googleapis/google-cloud-go
697,argoproj/argo-cd
698,hellofresh/janus
699,kubernetes-sigs/kubebuilder
700,unidoc/unioffice
701,gopher-os/gopher-os
702,olekukonko/tablewriter
703,howeyc/fsnotify
704,justinas/alice
705,rcrowley/goagain
706,mpolden/echoip
707,minishift/minishift
708,yunabe/lgo
709,pulumi/kubespy
710,ahmetb/go-linq
711,codesenberg/bombardier
712,shunfei/cronsun
713,GoesToEleven/golang-web-dev
714,Terry-Mao/gopush-cluster
715,redspread/spread
716,uber/makisu
717,chanxuehong/wechat
718,shen100/wemall
719,src-d/gitbase
720,alash3al/sqler
721,weaveworks/eksctl
722,willnorris/imageproxy
723,fireworq/fireworq
724,kabukky/journey
725,alecthomas/chroma
726,prometheus/client_golang
727,influxdata/kapacitor
728,nareix/joy4
729,rapidloop/rtop
730,intelsdi-x/snap
731,kubeedge/kubeedge
732,brigadecore/brigade
733,solo-io/gloo
734,PuerkitoBio/gocrawl
735,solo-io/gloo
736,gocircuit/circuit
737,fogleman/pt
738,segmentio/kafka-go
739,coreos/torus
740,cube2222/octosql
741,francoispqt/gojay
742,marcusolsson/tui-go
743,xmge/gonote
744,isacikgoz/gitin
745,hashicorp/go-plugin
746,kubernetes-incubator/external-storage
747,gravitational/workshop
748,convox/rack
749,google/btree
750,chaitin/xray
751,aptly-dev/aptly
752,feixiao/Distributed-Systems
753,senghoo/golang-design-pattern
754,whyrusleeping/gx
755,jwilder/docker-squash
756,go-telegram-bot-api/telegram-bot-api
757,GeertJohan/go.rice
758,arduino/arduino-cli
759,cdarwin/go-koans
760,Azure/golua
761,bxcodec/go-clean-arch
762,goadapp/goad
763,shopspring/decimal
764,elastic/logstash-forwarder
765,osrg/gobgp
766,zentures/surgemq
767,oklog/ulid
768,docker/cli
769,dzhou121/gonvim
770,swaggo/swag
771,facebookincubator/ent
772,kubernetes/kube-state-metrics
773,gdamore/tcell
774,GoogleCloudPlatform/golang-samples
775,vzex/dog-tunnel
776,golang/proposal
777,Shopify/go-lua
778,egonelbre/gophers
779,golang/example
780,liuchengxu/blockchain-tutorial
781,go-ini/ini
782,dunglas/mercure
783,liangdas/mqant
784,hlandau/acmetool
785,confluentinc/confluent-kafka-go
786,containers/skopeo
787,bradfitz/http2
788,s-rah/onionscan
789,segmentio/ksuid
790,magefile/mage
791,jasonlvhit/gocron
792,kubernetes/test-infra
793,subfinder/subfinder
794,matcornic/hermes
795,rexray/rexray
796,zquestz/s
797,gocql/gocql
798,GoogleChromeLabs/simplehttp2server
799,uber-common/cpustat
800,MariaLetta/free-gophers-pack
801,googleforgames/open-match
802,Jeffail/gabs
803,kubernetes/kubeadm
804,chain/chain
805,gopl-zh/gopl-zh.github.com
806,zachlatta/sshtron
807,pierrre/imageserver
808,hashicorp/memberlist
809,go-jira/jira
810,GoAdminGroup/go-admin
811,moul/assh
812,vmware-tanzu/sonobuoy
813,olahol/melody
814,nats-io/nats-streaming-server
815,mperham/inspeqtor
816,laher/goxc
817,getqujing/qtunnel
818,census-instrumentation/opencensus-go
819,hpcloud/tail
820,golang/crypto
821,eth0izzle/shhgit
822,kubesphere/kubesphere
823,kiali/kiali
824,mkchoi212/fac
825,xyproto/algernon
826,github/git-sizer
827,sipt/shuttle
828,monkeyWie/gopeed
829,skanehira/docui
830,awnumar/memguard
831,opencontainers/runtime-spec
832,ysrc/yulong-hids
833,sourcegraph/appdash
834,aws/amazon-ecs-agent
835,gosuri/uiprogress
836,raviqqe/muffet
837,natefinch/lumberjack
838,ImVexed/muon
839,arnauddri/algorithms
840,divan/expvarmon
841,gogf/gf
842,talos-systems/talos
843,fsouza/go-dockerclient
844,XiaoMi/naftis
845,hu17889/go_spider
846,alecthomas/participle
847,silenceper/wechat
848,gokrazy/gokrazy
849,kubicorn/kubicorn
850,labstack/armor
851,kubevirt/kubevirt
852,rancher/rio
853,op/go-logging
854,jessevdk/go-flags
855,rancher/rke
856,openshift/osin
857,tenta-browser/tenta-dns
858,caffix/amass
859,kubernetes-sigs/krew
860,helm/chartmuseum
861,vulcand/oxy
862,nanomsg/mangos-v1
863,flosch/pongo2
864,golang/vgo
865,txn2/kubefwd
866,ory/ladon
867,olivia-ai/olivia
868,sandglass/sandglass
869,nsqio/go-nsq
870,go-bootstrap/go-bootstrap
871,sciter-sdk/go-sciter
872,ory/oathkeeper
873,kata-containers/runtime
874,gokcehan/lf
875,mikefarah/yq
876,motemen/ghq
877,bitnami-labs/sealed-secrets
878,dreamans/syncd
879,roboll/helmfile
880,iamduo/workq
881,google/novm
882,openshift/source-to-image
883,mattn/go-gtk
884,apex/gh-polls
885,docker/libnetwork
886,juju/juju
887,cespare/reflex
888,valyala/quicktemplate
889,serverless/event-gateway
890,AlecAivazis/survey
891,asobti/kube-monkey
892,gopherjs/vecty
893,rubenv/sql-migrate
894,thecodingmachine/gotenberg
895,TheAlgorithms/Go
896,SpectoLabs/hoverfly
897,youtube/doorman
898,rendora/rendora
899,rethinkdb/rethinkdb-go
900,ravenac95/sudolikeaboss
901,ThreeDotsLabs/watermill
902,crossplaneio/crossplane
903,AutoSpotting/AutoSpotting
904,mmcloughlin/globe
905,dgraph-io/ristretto
906,spolu/warp
907,studygolang/studygolang
908,levigross/grequests
909,gtank/cryptopasta
910,marcusolsson/goddd
911,cosmos/cosmos-sdk
912,instrumenta/kubeval
913,tj/mmake
914,henrylee2cn/faygo
915,google/keytransparency
916,spaceuptech/space-cloud
917,Qihoo360/poseidon
918,bouk/monkey
919,koding/koding
920,eolinker/goku-api-gateway
921,yhat/scrape
922,schollz/hostyoself
923,gorilla/sessions
924,openfaas/faas-netes
925,d5/tengo
926,rodrigo-brito/gocity
927,inconshreveable/go-update
928,cenkalti/backoff
929,eBay/akutan
930,hashicorp/golang-lru
931,cortexlabs/cortex
932,unknwon/go-rock-libraries-showcases
933,utahta/pythonbrew
934,astaxie/gopkg
935,ok-borg/borg
936,asdine/storm
937,Jeffail/tunny
938,kryptco/kr
939,hashicorp/envconsul
940,tus/tusd
941,svent/sift
942,visualfc/goqt
943,skydive-project/skydive
944,google/gapid
945,google/stenographer
946,eyebluecn/tank
947,icexin/gocraft
948,Masterminds/sprig
949,sylabs/singularity
950,barnybug/cli53
951,perlin-network/life
952,google/go-cmp
953,segmentio/chamber
954,chzyer/readline
955,gocraft/web
956,uber/cherami-server
957,neex/phuip-fpizdam
958,miniflux/miniflux
959,cosmos72/gomacro
960,esimov/triangle
961,libgit2/git2go
962,montanaflynn/stats
963,dop251/goja
964,bcicen/grmon
965,google/uuid
966,lastbackend/lastbackend
967,cihub/seelog
968,StackExchange/dnscontrol
969,FiloSottile/whosthere
970,jingweno/godzilla
971,nanobox-io/nanobox
972,square/go-jose
973,ajstarks/svgo
974,hellogcc/100-gdb-tips
975,didip/tollbooth
976,hunterlong/statping
977,nanopack/yoke
978,ajvb/kala
979,google/periph
980,takama/daemon
981,thoas/go-funk
982,aerokube/selenoid
983,crazy-max/WindowsSpyBlocker
984,rancher/k3os
985,alexei-led/pumba
986,dave/jennifer
987,RichardKnop/go-oauth2-server
988,gocraft/dbr
989,derailed/popeye
990,liftbridge-io/liftbridge
991,mattn/gom
992,kisielk/errcheck
993,sofastack/sofa-mosn
994,openacid/slim
995,VictoriaMetrics/VictoriaMetrics
996,stripe/veneur
997,cpmech/gosl
998,google/ko
999,cloudfoundry/cli
1000,flant/werf
1001,google/google-ctf
1002,ochinchina/supervisord
1003,xeipuuv/gojsonschema
1004,jpillora/overseer
1005,cuelang/cue
1006,davrodpin/mole
1007,kedacore/keda
1008,securitywithoutborders/hardentools
1009,DMarby/picsum-photos
1010,xiaojiaqi/10billionhongbaos
1011,vektra/mockery
1012,aws/amazon-ecs-cli
1013,cznic/ql
1014,reviewdog/reviewdog
1015,cortesi/modd
1016,hashicorp/go-memdb
1017,rs/xid
1018,docker/app
1019,microcosm-cc/bluemonday
1020,nytlabs/streamtools
1021,elliotchance/c2go
1022,ssllabs/ssllabs-scan
1023,thrasher-corp/gocryptotrader
1024,go-chassis/go-chassis
1025,kythe/kythe
1026,kubernetes-sigs/metrics-server
1027,caarlos0/env
1028,jtblin/kube2iam
1029,flashmob/go-guerrilla
1030,unrolled/render
1031,funny/link
1032,ory/fosite
1033,matthewmueller/joy
1034,sjqzhang/go-fastdfs
1035,metrue/fx
1036,ugorji/go
1037,grammarly/rocker
1038,ddollar/forego
1039,justjanne/powerline-go
1040,rs/cors
1041,xiaonanln/goworld
1042,Yelp/dockersh
1043,mit-pdos/biscuit
1044,malfunkt/hyperfox
1045,orcaman/concurrent-map
1046,julienschmidt/go-http-routing-benchmark
1047,muesli/smartcrop
1048,cloudnativelabs/kube-router
1049,gonum/plot
1050,panjf2000/gnet
1051,rakyll/gom
1052,glycerine/zygomys
1053,samuel/go-zookeeper
1054,dnote/dnote
1055,deckarep/golang-set
1056,evilsocket/xray
1057,dreadl0ck/netcap
1058,coreos/etcd-operator
1059,dbohdan/automatic-api
1060,hyper0x/Golang_Puzzlers
1061,ContainerSolutions/k8s-deployment-strategies
1062,unrolled/secure
1063,square/certstrap
1064,disintegration/gift
1065,perlin-network/noise
1066,filecoin-project/go-filecoin
1067,helm/monocular
1068,miguelmota/cointop
1069,prometheus/blackbox_exporter
1070,klauspost/compress
1071,juju/ratelimit
1072,XiaoMi/Gaea
1073,go-echarts/go-echarts
1074,writeas/writefreely
1075,antonmedv/red
1076,lovoo/goka
1077,solo-io/squash
1078,mattn/goreman
1079,huichen/sego
1080,tidwall/summitdb
1081,TruthHun/BookStack
1082,haxpax/gosms
1083,galeone/tfgo
1084,songtianyi/wechat-go
1085,kubernetes-sigs/aws-iam-authenticator
1086,monochromegane/go_design_pattern
1087,shiyanhui/hero
1088,appc/spec
1089,go-zoo/bone
1090,umputun/remark
1091,nwidger/nintengo
1092,oniony/TMSU
1093,yyyar/gobetween
1094,gardener/gardener
1095,stianeikeland/go-rpio
1096,devfeel/dotweb
1097,rakyll/coop
1098,snapcore/snapd
1099,gliderlabs/ssh
1100,cloudflare/tableflip
1101,google/martian
1102,nicksnyder/go-i18n
1103,kubernetes-sigs/aws-alb-ingress-controller
1104,cloudflare/redoctober
1105,adammck/terraform-inventory
1106,weaveworks/flagger
1107,sanathp/statusok
1108,keybase/kbfs
1109,bitfield/script
1110,gocraft/work
1111,guptarohit/asciigraph
1112,rfjakob/gocryptfs
1113,puma/puma-dev
1114,wal-g/wal-g
1115,faceair/youjumpijump
1116,awslabs/aws-lambda-container-image-converter
1117,terraform-providers/terraform-provider-azurerm
1118,minio/mc
1119,GoogleContainerTools/container-structure-test
1120,keel-hq/keel
1121,uber-go/ratelimit
1122,matryer/vice
1123,tylerb/graceful
1124,sourcegraph/webloop
1125,hacklcx/HFish
1126,gavv/httpexpect
1127,jsha/minica
1128,lindb/lindb
1129,docopt/docopt.go
1130,tylertreat/BoomFilters
1131,rancher/convoy
1132,kidoman/embd
1133,wailsapp/wails
1134,imroc/req
1135,banzaicloud/pipeline
1136,0xAX/go-algorithms
1137,bmizerany/pat
1138,hyperledger-archives/fabric
1139,baetyl/baetyl
1140,vmware/govmomi
1141,radondb/radon
1142,aktau/github-release
1143,facebookarchive/inject
1144,docker/compose-on-kubernetes
1145,pdfcpu/pdfcpu
1146,brutella/hc
1147,coreos/go-systemd
1148,sony/sonyflake
1149,GoogleCloudPlatform/continuous-deployment-on-kubernetes
1150,gojp/goreportcard
1151,mozilla/mig
1152,getantibody/antibody
1153,isacikgoz/gitbatch
1154,mmcdole/gofeed
1155,gojek/heimdall
1156,jordan-wright/email
1157,anaskhan96/soup
1158,go-ozzo/ozzo-validation
1159,eko/monday
1160,albrow/fo
1161,rudderlabs/rudder-server
1162,genuinetools/reg
1163,changkun/go-under-the-hood
1164,shawn1m/overture
1165,go-oauth2/oauth2
1166,hashicorp/yamux
1167,muesli/cache2go
1168,s3git/s3git
1169,google/skylark
1170,gophercon/2017-talks
1171,bradfitz/gomemcache
1172,thoas/picfit
1173,linclin/gopub
1174,drakkan/sftpgo
1175,djhworld/simple-computer
1176,michaelmacinnis/oh
1177,chai2010/go2-book
1178,ehazlett/stellar
1179,go-ego/gse
1180,go-opencv/go-opencv
1181,tidwall/redcon
1182,EngoEngine/engo
1183,gocelery/gocelery
1184,bilibili/overlord
1185,smallstep/certificates
1186,trustmaster/goflow
1187,mingrammer/go-web-framework-stars
1188,apache/dubbo-go
1189,uniqush/uniqush-push
1190,appscode/voyager
1191,terraform-linters/tflint
1192,mcuadros/ofelia
1193,docker/libcontainer
1194,c-bata/kube-prompt
1195,GetStream/vg
1196,requilence/integram
1197,ericfreese/rat
1198,mmcloughlin/avo
1199,dghubble/gologin
1200,pkg/profile
1201,iov-one/weave
1202,jrallison/go-workers
1203,campoy/justforfunc
1204,slackhq/go-audit
1205,y0ssar1an/q
1206,bradleyjkemp/memviz
1207,u-root/u-root
1208,GoBelieveIO/im_service
1209,boyter/scc
1210,mgartner/pg_flame
1211,antonholmquist/jason
1212,nhooyr/websocket
1213,tobyhede/go-underscore
1214,lonng/nano
1215,sgreben/jp
1216,Bytom/bytom
1217,halfrost/LeetCode-Go
1218,denisenkom/go-mssqldb
1219,adrianco/spigo
1220,tleyden/open-ocr
1221,soheilhy/cmux
1222,pusher/oauth2_proxy
1223,sensepost/ruler
1224,submariner-io/submariner
1225,shyiko/jabba
1226,rach/pome
1227,shadowsocks/v2ray-plugin
1228,looterz/grimd
1229,compose/transporter
1230,shell909090/goproxy
1231,facette/facette
1232,bitnami-labs/kubewatch
1233,xtaci/gonet
1234,segmentio/terraform-docs
1235,smallnest/go-web-framework-benchmark
1236,kubernetes-incubator/kube-aws
1237,bemasher/rtlamr
1238,crosbymichael/skydock
1239,kylesliu/awesome-golang-leetcode
1240,thedevsaddam/gojsonq
1241,clipperhouse/gen
1242,sevlyar/go-daemon
1243,JoelOtter/termloop
1244,dghubble/sling
1245,mop-tracker/mop
1246,bwmarrin/discordgo
1247,awslabs/amazon-ecr-credential-helper
1248,tinylib/msgp
1249,xiaoming2028/FreeNet
1250,Terry-Mao/bfs
1251,abh/geodns
1252,joyent/containerpilot
1253,markphelps/flipt
1254,hprose/hprose-golang
1255,cheekybits/genny
1256,openkruise/kruise
1257,brocaar/chirpstack-network-server
1258,juju/errors
1259,pressly/goose
1260,dshearer/jobber
1261,cdipaolo/goml
1262,nadoo/glider
1263,mitchellh/cli
1264,Azure/acs-engine
1265,ksonnet/ksonnet
1266,cloud66-oss/habitus
1267,dchest/captcha
1268,uber-go/dig
1269,oliver006/redis_exporter
1270,pravj/geopattern
1271,gographics/imagick
1272,fatih/pool
1273,twitchyliquid64/subnet
1274,tucnak/telebot
1275,gosuri/uilive
1276,splitsh/lite
1277,FairwindsOps/polaris
1278,chaozh/MIT-6.824
1279,rlmcpherson/s3gof3r
1280,bcicen/slackcat
1281,google/skicka
1282,lileio/lile
1283,ChimeraCoder/anaconda
1284,golang/tour
1285,alicebob/miniredis
1286,go-llvm/llgo
1287,pengwynn/flint
1288,justone/dockviz
1289,justinas/nosurf
1290,hanwen/go-fuse
1291,jondot/goweight
