reponame,coefficient_of_variation
golang/go,3.8286156996256295
kubernetes/kubernetes,1.8400974214108126
gohugoio/hugo,4.498117619619469
astaxie/build-web-application-with-golang,4.0563977874744905
gin-gonic/gin,1.9496209565578733
gogs/gogs,4.975869690170643
fatedier/frp,0.11313708498984759
syncthing/syncthing,3.502584487321037
etcd-io/etcd,3.421771250158179
prometheus/prometheus,2.7098556499318813
containous/traefik,2.3589785716037315
junegunn/fzf,1.6752132865863845
caddyserver/caddy,4.042565149961546
ethereum/go-ethereum,3.4388712460616593
v2ray/v2ray-core,1.0760572320916795
astaxie/beego,3.954591855350366
pingcap/tidb,2.195114460655207
FiloSottile/mkcert,0.8585858585858586
istio/istio,1.443021510248106
drone/drone,5.111974469059019
hashicorp/terraform,3.876475310509001
minio/minio,2.3824568405532878
unknwon/the-way-to-go_ZH_CN,2.6341333709626915
github/hub,2.80021061020749
influxdata/influxdb,1.928420376009438
hashicorp/consul,2.4444573682305792
inconshreveable/ngrok,0.9647887323943662
wagoodman/dive,1.3964842794088261
cockroachdb/cockroach,2.1246635627535833
go-gitea/gitea,4.020058398916189
rclone/rclone,4.223389150845133
mattermost/mattermost-server,3.043665263578165
kataras/iris,2.3468039809534744
nsqio/nsq,2.275416706790373
kubernetes/minikube,3.1311088585199793
openfaas/faas,3.6514344086011636
jinzhu/gorm,2.5308757525857613
labstack/echo,2.648986562958191
yeasy/docker_practice,1.3766958634949369
go-kit/kit,2.766800221228203
helm/helm,2.802505373228287
spf13/cobra,1.3493690989061289
hashicorp/vault,4.161357351586287
joewalnes/websocketd,0.2361111111111111
jesseduffield/lazygit,2.1947252625832383
yudai/gotty,0.0
rancher/rancher,1.2805935977055212
cayleygraph/cayley,1.7752769687553813
tsenart/vegeta,1.3123771737476853
sirupsen/logrus,2.2148613187677406
golang/dep,3.8996879401970297
go-delve/delve,2.160920608600713
jesseduffield/lazydocker,1.6002293088279946
urfave/cli,1.7716417963770485
buger/goreplay,2.1116884944596412
zyedidia/micro,3.296511905849262
dgraph-io/dgraph,1.7268945693462259
revel/revel,2.36192110672402
tmrts/go-patterns,0.7096774193548387
xtaci/kcptun,0.0
helm/charts,3.1429076792606057
wtfutil/wtf,3.1899517730659466
go-martini/martini,1.6096529031760498
valyala/fasthttp,2.2098191735166255
coreybutler/nvm-windows,0.0
fogleman/primitive,0.0
txthinking/brook,0.0
CodisLabs/codis,0.8623080701587584
gorilla/mux,1.2255224181460118
gorilla/websocket,1.2442032455022292
julienschmidt/httprouter,0.0
boltdb/bolt,1.7191454440575158
spf13/viper,0.8263597100357508
kubernetes/kops,4.745478826457538
micro/go-micro,2.584987569011261
grpc/grpc-go,2.722272075300856
google/grumpy,1.0227060596482247
google/cadvisor,1.8150900331440196
goharbor/harbor,1.7359417428218782
chai2010/advanced-go-programming-book,1.5132936095177847
rancher/k3s,1.5931870237438828
hashicorp/packer,4.33040704189849
jaegertracing/jaeger,1.6496059872978435
gizak/termui,1.3472034564155264
gocolly/colly,2.157555916499102
google/gvisor,1.085167830274159
bcicen/ctop,1.3043068189679916
hyperledger/fabric,2.1212805686928573
esimov/caire,0.0
dutchcoders/transfer.sh,0.9369955827424977
vitessio/vitess,3.6423870610739177
ipfs/go-ipfs,2.9474952086596615
stretchr/testify,1.5220943445698842
rkt/rkt,2.020376562191935
gopherjs/gopherjs,1.7724120686933005
chrislusf/seaweedfs,2.9215460761806047
cnlh/nps,0.7358490566037735
quii/learn-go-with-tests,2.572795582325524
restic/restic,5.044103905745306
go-sql-driver/mysql,1.8839880123016322
asciimoo/wuzz,1.6276847556177403
iawia002/annie,0.9796747967479674
dinedal/textql,0.0
uber-go/zap,0.8475035261561066
elastic/beats,2.345740589663566
PuerkitoBio/goquery,0.8955823293172691
GoogleContainerTools/skaffold,2.32372742111363
apex/apex,1.2464114218134847
golang/groupcache,0.42857142857142855
cyfdecyf/cow,0.9865642994241842
Masterminds/glide,2.1508603808178206
grafana/loki,1.1299872578083014
influxdata/telegraf,4.184917654098075
git-lfs/git-lfs,2.839191797063111
gravitational/teleport,1.6359003945277502
Netflix/chaosmonkey,0.8490566037735849
ory/hydra,2.5672683706051025
flynn/flynn,2.247480905141165
apex/up,0.0
go-redis/redis,2.09474117048719
jmoiron/sqlx,1.3108456647835534
grpc-ecosystem/grpc-gateway,1.8386699231677863
andlabs/ui,0.0
bilibili/kratos,1.533628868668885
attic-labs/noms,1.8547232467494479
emirpasic/gods,1.2741418949739058
rakyll/hey,1.4042758794055503
future-architect/vuls,2.570056167701032
micro/micro,1.7245963971713074
openshift/origin,3.0219146888429957
fyne-io/fyne,2.2073738281868076
nats-io/nats-server,2.1639850386943102
unknwon/go-fundamental-programming,0.0
sjwhitworth/golearn,1.401427236993341
sqshq/sampler,0.9583333333333334
dgraph-io/badger,1.5123882419200139
kelseyhightower/confd,2.226057683327764
gomodule/redigo,1.289446646015708
google/go-cloud,1.5134422990203629
go-chi/chi,0.7242661843133082
tidwall/tile38,1.8375498862402675
shadowsocks/shadowsocks-go,1.3814586988095532
dgrijalva/jwt-go,1.2416171087982935
urfave/negroni,0.9460707016564718
therecipe/qt,0.0
opencontainers/runc,2.530571827061232
json-iterator/go,1.6794023696655114
kubernetes/dashboard,2.519047387266542
rook/rook,2.722737234223835
ardanlabs/gotraining,2.611939369564642
tylertreat/comcast,0.8412698412698413
bettercap/bettercap,1.0012474692342175
hoanhan101/ultimate-go,0.0
cjbassi/gotop,0.9747474747474747
sosedoff/pgweb,2.1207634262321142
keybase/client,1.3177893334578858
blevesearch/bleve,2.0092719723951693
henrylee2cn/pholcus,0.0
kubernetes/ingress-nginx,3.779731529350691
usefathom/fathom,1.301675120763279
gdrive-org/gdrive,0.9606299212598425
filebrowser/filebrowser,1.3773850573460709
polaris1119/The-Golang-Standard-Library-by-Example,1.4257161828587186
hybridgroup/gobot,3.0863576064547353
coreos/clair,1.4412907692361117
fabiolb/fabio,2.2224440865081894
linuxkit/linuxkit,3.163191383031887
tomnomnom/gron,0.0
docker/swarm,2.1182887872035363
weaveworks/weave,1.885555442709257
jroimartin/gocui,0.0
teh-cmc/go-internals,0.0
tools/godep,0.23880597014925373
XiaoMi/soar,1.374112331273832
graphql-go/graphql,2.1178515581422968
golang/protobuf,1.8248649462439617
rancher/os,1.1196149080433957
loadimpact/k6,0.8843624628908868
peco/peco,2.307954544269782
docker/machine,2.3802134850214496
go-xorm/xorm,1.9336335095554997
mailhog/MailHog,0.9212598425196851
casbin/casbin,1.9053395152385773
cheat/cheat,2.879214636360668
lib/pq,1.2996679025202498
hashicorp/nomad,3.126430700658498
direnv/direnv,1.6558601869423921
developer-learning/night-reading-go,2.4752822510215315
simeji/jid,0.0
tidwall/gjson,0.0
upspin/upspin,1.383808677680608
aws/aws-sdk-go,2.3296822273574618
Workiva/go-datastructures,0.6050282479967325
kubernetes/community,3.933794600103973
pkg/errors,0.0
zricethezav/gitleaks,1.2954633041904926
google/go-github,2.2701751478156362
kubeless/kubeless,1.9019545007666399
open-falcon/falcon-plus,1.1469666709973303
cloudson/gitql,1.2875551696968894
smartystreets/goconvey,2.0482696725019673
yeasy/blockchain_guide,0.9096045197740112
gobuffalo/buffalo,2.44153255195349
GoesToEleven/GolangTraining,0.0
rancher/os,1.1196149080433957
coredns/coredns,3.059431115930935
Shopify/sarama,2.928167472420896
360EntSecGroup-Skylar/excelize,0.3149603149604724
docker/distribution,2.6136787810639386
TykTechnologies/tyk,1.5356018348262288
rqlite/rqlite,1.4015716056176741
robertkrimen/otto,1.031267430574204
erroneousboat/slack-term,0.9591836734693877
kardianos/govendor,0.9558823529411765
bitly/oauth2_proxy,1.3457615656677988
go-ego/riot,0.0
google/seesaw,0.48332183894378294
DNSCrypt/dnscrypt-proxy,1.846560234109086
yinghuocho/firefly-proxy,0.0
robfig/cron,0.8541666666666666
tinygo-org/tinygo,2.1725007277089103
flike/kingshard,1.4759632636199167
rakyll/boom,1.160757033468277
goreleaser/goreleaser,3.360867168924734
linkerd/linkerd2,1.0818626431153981
containerd/containerd,2.6973275400857855
hashicorp/serf,1.8990518594818662
nsf/gocode,0.7371091820695146
zserge/lorca,0.0
inlets/inlets,0.935064935064935
coreos/flannel,2.02899345373174
akavel/up,0.9107142857142857
fission/fission,2.0175027292373726
gcla/termshark,0.971830985915493
xo/usql,0.0
GoogleContainerTools/kaniko,1.077690491106527
schollz/find,0.9614147909967846
cloudflare/cfssl,1.6506817970855736
ponzu-cms/ponzu,1.9100651107730895
cilium/cilium,1.7283903975420747
src-d/go-git,2.7077340479927683
fiorix/freegeoip,0.9648093841642229
thanos-io/thanos,2.2075618430408444
containrrr/watchtower,1.1305928490175863
jetstack/cert-manager,3.197113688751575
kubernetes/kompose,1.385585800015449
olivere/elastic,1.6929105114045637
Dreamacro/clash,1.3778266959955123
concourse/concourse,4.772695865338802
davecheney/httpstat,1.1874092927050752
wallix/awless,1.3646466694628798
facebookarchive/grace,0.0
go-swagger/go-swagger,4.244269842593943
adnanh/webhook,1.8266703546800587
google/gxui,1.3459474194331151
cdr/sshcode,0.6939880755990122
perkeep/perkeep,4.839256211229771
fnproject/fn,1.599996381793406
dragonflyoss/Dragonfly,2.016614626317079
gotify/server,0.8918918918918919
fogleman/nes,0.0
gliderlabs/registrator,1.4277318737237432
shirou/gopsutil,3.5101844723446147
lightningnetwork/lnd,3.464302458980779
photoprism/photoprism,0.5595105672969967
gophish/gophish,1.875230514712917
Shopify/toxiproxy,1.0194113930478015
ginuerzh/gost,0.9504504504504504
qor/qor,2.130922100976053
google/git-appraise,1.5331550210537908
coyove/goflyway,0.0
kubernetes-sigs/kustomize,2.675708426933088
smallnest/rpcx,0.0
russross/blackfriday,1.426161671648456
alibaba/pouch,2.001223477292502
dapr/dapr,1.1926467632542994
miekg/dns,3.2414058513116157
pachyderm/pachyderm,2.3476325385385763
argoproj/argo,1.9059433226114528
muesli/beehive,2.320338017888345
MontFerret/ferret,1.7775923916195755
pulumi/pulumi,2.120664516933578
go-playground/validator,1.5824918630795322
jpillora/cloud-torrent,0.8441558441558441
chromedp/chromedp,0.00702576112412178
lxn/walk,2.593456235461613
fsnotify/fsnotify,0.8687119371982187
appleboy/gorush,0.0
golangci/golangci-lint,1.8814478872556546
uber/prototool,0.18181818181818182
dexidp/dex,1.754993244029663
centrifugal/centrifugo,1.309721131836886
eranyanay/1m-go-websockets,0.0
gliderlabs/logspout,1.1228713506453276
Jguer/yay,1.921901750086559
golang/mobile,1.185209535955861
gaia-pipeline/gaia,0.775516275831602
weaveworks/scope,1.412089736975509
asaskevich/govalidator,2.0590793596971046
b3log/pipe,0.7441020496771842
tektoncd/pipeline,1.6064868922136244
dropbox/godropbox,1.8545059819556904
HFO4/gameboy.live,0.7704918032786885
microsoft/ethr,0.64
tidwall/evio,0.0
mmcgrana/gobyexample,1.7849731649789953
derailed/k9s,1.2878609200269253
Terry-Mao/goim,1.18369955689734
prometheus/node_exporter,1.5372524851623675
hashicorp/consul-template,1.3333249168610342
go-acme/lego,1.7440740704796662
uber-archive/go-torch,0.4603630701724464
alexflint/gallium,0.0
btcsuite/btcd,2.544978631099987
tealeg/xlsx,1.2864586011429755
adonovan/gopl.io,0.0
shazow/ssh-chat,2.1412454090876154
RichardKnop/machinery,2.377364346790462
rgburke/grv,0.0
spiral/roadrunner,1.629698666413408
Azure/draft,2.020278999089174
goadesign/goa,3.0835620521198037
tj/node-prune,0.8387096774193549
kubernetes-sigs/kind,2.1904840112416557
twitchtv/twirp,1.5523253858382615
mongodb/mongo-go-driver,1.446869465432179
elves/elvish,2.3913590805539178
kashav/fsql,0.0
zenazn/goji,0.8990825688073395
alecthomas/gometalinter,1.6482054333178795
docker/docker-ce,3.3484836496935473
nsf/termbox-go,0.08333333333333333
contribsys/faktory,2.227722410534468
coreos/prometheus-operator,3.2743586555508766
rivo/tview,0.9351851851851852
emicklei/go-restful,2.106980437481125
99designs/gqlgen,2.094456922032807
travisjeffery/jocko,0.0
go-yaml/yaml,0.9329219240050382
mitchellh/gox,0.8367346938775511
fanpei91/torsniff,0.0
davecgh/go-spew,0.8861788617886179
motemen/gore,0.6718488176991816
jpmorganchase/quorum,3.7322973421542898
gchaincl/httplab,0.0
aelsabbahy/goss,0.9413919413919414
gomatcha/matcha,0.0
google/gops,0.9
onsi/ginkgo,1.565099908102421
jwilder/docker-gen,1.4027578521743285
huichen/wukong,0.8876404494382022
mozilla-services/heka,3.1508455480721884
hoisie/web,0.8709677419354839
elazarl/goproxy,1.3302234205583747
schollz/find3,0.0
jung-kurt/gofpdf,2.148333645618652
docker-slim/docker-slim,1.3326474443923138
igrigorik/ga-beacon,0.0
syndtr/goleveldb,1.5538329161441593
ant0ine/go-json-rest,0.0
satori/go.uuid,0.0
lifei6671/mindoc,0.9673590504451038
EasyDarwin/EasyDarwin,0.18518518518518517
jpillora/chisel,0.0
lucas-clemente/quic-go,0.5825513568348973
tendermint/tendermint,2.9779274887603493
oxequa/realize,0.9765013054830287
sql-machine-learning/sqlflow,1.1123353444741257
burke/zeus,1.8934183542528766
MichaelMure/git-bug,1.9812797938057118
OWASP/Go-SCP,0.9119496855345912
terraform-providers/terraform-provider-aws,6.01411802309916
golang/lint,1.350681822416097
DisposaBoy/GoSublime,0.4444444444444444
containers/libpod,2.0157555686345123
vmware-tanzu/velero,1.6568950019656588
go-flutter-desktop/go-flutter,0.5497061676462247
go-pg/pg,1.685958300623734
gogo/protobuf,2.6245772003273475
ansible-semaphore/semaphore,1.401830432198389
gonum/gonum,1.4759160851089865
name5566/leaf,0.0
golang/mock,1.1204576434711193
patrickmn/go-cache,0.0
meshbird/meshbird,0.35714285714285715
go-gorp/gorp,1.433743915237347
tsuru/tsuru,2.632354152126146
github/orchestrator,3.6185371622300027
fluxcd/flux,1.8512224501503793
gruntwork-io/terragrunt,2.8444370597015856
golang/tools,1.8170906241020834
golang-migrate/migrate,1.9109464427610359
codegangsta/gin,0.7009345794392523
astaxie/go-best-practice,0.0
variadico/noti,0.0
jenkins-x/jx,2.8062188082899024
dvyukov/go-fuzz,2.2585589317975385
siddontang/ledisdb,1.5585247366429413
ha/doozerd,1.6254771020284822
fatih/color,0.0
maxence-charriere/app,0.0
gruntwork-io/terratest,1.8170963084500436
adtac/commento,0.9477434679334917
anacrolix/torrent,1.967472461798968
mozilla/sops,2.0993807533052418
yuin/gopher-lua,1.536888910228866
knadh/listmonk,1.293324862403124
letsencrypt/boulder,1.901172218135461
google/gopacket,3.186501344179345
googollee/go-socket.io,0.8166585360182661
uber/kraken,0.9492882385233047
progrium/localtunnel,0.9210526315789473
vmware-tanzu/octant,0.9040894970851325
nuclio/nuclio,2.082796932099095
goproxyio/goproxy,0.8973131124592576
tianon/gosu,0.0
hashicorp/raft,2.4647220937356575
Tencent/bk-cmdb,1.023051902642754
uber/cadence,0.6840847934010715
bitly/go-simplejson,0.49019607843137253
manifoldco/promptui,0.8819171036881969
graph-gophers/graphql-go,1.8974247607834782
michenriksen/aquatone,0.914300415048872
hasura/gitkube,0.1267605633802817
ffhelicopter/Go42,0.0
jwilder/dockerize,0.8695652173913043
goby-lang/goby,2.419511918249316
claudiodangelis/qr-filetransfer,1.3287499378733514
gopasspw/gopass,1.634459160817371
AsynkronIT/protoactor-go,2.0722096806223975
gwuhaolin/lightsocks,0.5
nytimes/gizmo,1.9365815629866303
gorgonia/gorgonia,1.3421196443441508
davyxu/cellnet,0.0
BurntSushi/toml,1.02263746833064
windmilleng/tilt,1.0537777576062628
vugu/vugu,0.881578947368421
google/pprof,1.032208753089004
bosun-monitor/bosun,2.284850876767761
cortesi/devd,0.0
go-macaron/macaron,0.0
gomods/athens,1.4362852819985175
wercker/stern,0.4215855488510014
crawlab-team/crawlab,1.2579185520361988
securego/gosec,1.4685447205257443
asticode/go-astilectron,0.8778625954198473
vulcand/vulcand,1.5978776101661591
google/netstack,0.9199841683297041
sourcegraph/sourcegraph,1.312564138963515
fatih/structs,0.0
streadway/amqp,1.2951670704564733
zxh0/jvm.go,0.7916666666666666
buger/jsonparser,1.0690582088103584
oklog/oklog,0.8755980861244019
heroiclabs/nakama,0.7522535728805438
dominikh/go-tools,1.3938665410548623
gilbertchen/duplicacy,0.37616248671157637
imgproxy/imgproxy,0.0
99designs/aws-vault,1.7758232683752508
disintegration/imaging,1.260951445699044
olebedev/go-starter-kit,0.8333333333333334
mitchellh/mapstructure,0.934640522875817
kubernetes/client-go,2.4018220228720817
lni/dragonboat,0.0
sourcegraph/checkup,0.9798301194328133
h2non/imaginary,1.093806173875948
gobwas/ws,0.9452054794520548
NebulousLabs/Sia,2.396192454139395
hybridgroup/gocv,3.446281886442664
kgretzky/evilginx2,0.84
alecthomas/kingpin,1.308187359160249
prometheus/alertmanager,2.0366425018634793
nektos/act,0.8695652173913043
allegro/bigcache,0.3944771791852593
karan/joe,0.0
chrislusf/glow,1.0454812242091425
anthonynsimon/bild,0.0
iron-io/functions,1.4990500414537298
open-policy-agent/opa,3.0357417388340657
jingweno/ccat,0.908256880733945
mholt/certmagic,0.0
libp2p/go-libp2p,1.5081593010325705
pion/webrtc,1.6299721457302923
ksimka/go-is-not-good,0.0
google/syzkaller,3.92601056814651
operator-framework/operator-sdk,1.1846621780847242
c-bata/go-prompt,0.921311475409836
hashicorp/hcl,1.2498323905396147
siddontang/go-mysql-elasticsearch,0.8813559322033898
google/wire,0.6500158930034132
koding/kite,1.5344660834789132
rcrowley/go-metrics,1.254125737995198
mholt/archiver,0.8333333333333334
schollz/croc,2.2345293213499953
monochromegane/the_platinum_searcher,1.9916870527831347
nlopes/slack,1.3368303308306864
rs/zerolog,0.8947368421052632
faiface/pixel,2.72407345008268
mailgun/godebug,0.9313725490196079
d4l3k/go-pry,0.9340659340659341
googleforgames/agones,1.995188628948635
remind101/empire,1.8364604702779248
golang/oauth2,1.436435918566557
soundcloud/roshi,0.776173285198556
kelseyhightower/envconfig,0.5047353618156032
fogleman/ln,0.0
360EntSecGroup-Skylar/goreporter,0.0
kubernetes-retired/heapster,1.9156914572849635
pquerna/ffjson,0.8663451613052946
kubernetes/autoscaler,2.53102203519114
nats-io/nats.go,2.0733467017445237
tidwall/buntdb,0.8878504672897196
panjf2000/ants,0.0
Masterminds/squirrel,1.7030418495661568
genuinetools/img,1.2109641711698287
go-gomail/gomail,0.0
kahing/goofys,1.6095582395361365
aquasecurity/trivy,1.4734902807128818
campoy/go-tooling-workshop,0.0
drk1wi/Modlishka,0.0
Jeiwan/blockchain_go,0.0
volatiletech/sqlboiler,1.5351462478522402
ovh/cds,1.2503034016924133
go-mgo/mgo,2.12076977447071
coreos/fleet,2.273587730038311
whalebrew/whalebrew,0.5433070866141733
parnurzeal/gorequest,1.6834180787988666
wcharczuk/go-chart,0.0
sorintlab/stolon,1.3602823254079008
gobuffalo/packr,0.9471698113207547
goinaction/code,0.0
thewhitetulip/web-dev-golang-anti-textbook,1.5239289946575139
fullstorydev/grpcurl,0.0
lxc/lxd,2.6415426193110605
kubernetes-sigs/external-dns,1.9386504836955716
knative/serving,2.0713242640144722
HouzuoGuo/tiedot,1.8199752848131765
syncsynchalt/illustrated-tls,0.0
tinode/chat,1.3873582771647879
fvbock/endless,0.7735849056603774
gpmgo/gopm,0.6831683168316832
pksunkara/alpaca,0.8757062146892656
knqyf263/pet,0.84
golang/glog,0.15789473684210525
OJ/gobuster,0.6334301875247224
Ne0nd0g/merlin,1.7239815494762243
gravityblast/fresh,0.21739130434782608
containernetworking/cni,1.2747243337593186
nlf/dlite,0.954954954954955
spf13/afero,0.9825031086634143
containers/buildah,1.7123102513991635
markbates/goth,1.3171980590582637
docker/libchan,0.7133502531814618
gravitational/teleconsole,0.8333333333333334
unknwon/go-web-foundation,0.0
joho/godotenv,0.7872340425531915
cweill/gotests,1.4529201406659484
xtaci/kcp-go,0.9709208400646203
jdkato/prose,0.9285714285714286
kubernetes-retired/contrib,2.2933870317450316
coocood/freecache,0.9722718241315028
genuinetools/binctr,0.0
mlabouardy/komiser,0.0
vuvuzela/vuvuzela,0.8064516129032258
m3db/m3,1.1863415768499033
rakyll/statik,0.0
esimov/pigo,0.0
mikespook/Learning-Go-zh-cn,1.719895188536538
mattes/migrate,2.0335999804979434
AdguardTeam/AdGuardHome,1.136070208634827
benmanns/goworker,0.8938053097345132
jinzhu/now,0.0
virtual-kubelet/virtual-kubelet,1.223666330239655
mailru/easyjson,1.2128306403966367
runatlantis/atlantis,2.367681027817569
xo/xo,0.9010989010989011
chrislusf/gleam,1.6486710431010136
buzzfeed/sso,1.0173412931366046
go-resty/resty,0.9644128113879004
ReactiveX/RxGo,1.1841975732621524
mehrdadrad/mylg,0.918622848200313
FiloSottile/Heartbleed,1.1183022847155415
docker/swarmkit,1.8731873242996648
astaxie/bat,0.0
OWASP/Amass,1.6408527236832418
constabulary/gb,2.1626947720953775
GoogleContainerTools/container-diff,1.4353211970759405
docker/deploykit,1.6346933113652307
ilanyu/ReverseProxy,0.0
grpc-ecosystem/go-grpc-middleware,0.0
nfnt/resize,0.23076923076923078
containous/yaegi,1.1963318777102836
afex/hystrix-go,1.2246639152576213
itsabot/itsabot,0.0
maruel/panicparse,0.0
TrueFurby/go-callvis,0.9259259259259259
jackc/pgx,2.6828802912931553
google/mtail,1.9609761691716905
mvdan/sh,1.6998857746736133
Humpheh/goboy,0.0
linkedin/Burrow,1.1384958671449679
hajimehoshi/ebiten,0.0
uber/aresdb,0.6180668985428351
gernest/utron,0.9142857142857143
prest/prest,1.460293512571066
fagongzi/gateway,1.4791442842029534
aws/aws-lambda-go,0.8941883480054932
sourcegraph/thyme,0.8153846153846154
jetstack/kube-lego,1.5287617940107312
mmatczuk/go-http-tunnel,0.9205298013245033
sideshow/apns2,1.1859133748062622
aquasecurity/kube-bench,1.7656709209900165
Jeffail/benthos,2.3579342290452976
cri-o/cri-o,1.785971628969242
boramalper/magnetico,1.5339299776947408
ChimeraCoder/gojson,0.605094501008185
gopherdata/gophernotes,0.9782568137534927
goraft/raft,1.0896413843557597
emitter-io/emitter,1.4221486320695893
shiyanhui/dht,0.0
digitalocean/doctl,1.6900497348454877
divan/txqr,0.0
TarsCloud/TarsGo,0.888
go-task/task,1.938656653896719
opentracing/opentracing-go,0.9240198230802694
goproxy/goproxy.cn,0.0
kardianos/service,0.717391304347826
nginxinc/kubernetes-ingress,1.6768323205846722
siddontang/go-mysql,1.7447545890018876
devopsfaith/krakend,1.777269749822845
chaosblade-io/chaosblade,1.0836181841560077
theupdateframework/notary,1.7332821533640568
cheggaaa/pb,0.9476439790575916
maxmcd/webtty,0.0
purpleidea/mgmt,2.3917127293022165
aQuaYi/LeetCode-in-Go,0.0
solo-io/unik,0.9052659834684953
google/codesearch,0.4482758620689655
googleapis/google-api-go-client,1.6608200146057468
pressly/sup,0.8785046728971962
volatiletech/authboss,1.6089008826668538
gwuhaolin/livego,0.0
cortexproject/cortex,2.3119664224405176
distribworks/dkron,1.9206209583628102
fogleman/gg,0.8421052631578947
mgechev/revive,0.5433070866141733
GoogleCloudPlatform/terraformer,2.076466313993701
liamg/aminal,1.2090578703157675
dustin/go-humanize,0.8901098901098901
dunglas/vulcain,0.696969696969697
jedisct1/piknik,0.0
DATA-DOG/go-sqlmock,1.4744181969136398
projectcontour/contour,2.5919383525521797
yahoo/gryffin,0.0
upper/db,1.6806032333982341
goodrain/rainbond,1.249973603502518
ouqiang/gocron,0.0
360EntSecGroup-Skylar/ElasticHD,0.0
floyernick/Data-Structures-and-Algorithms,0.0
getgauge/gauge,1.2218364915720226
mholt/timeliner,0.0
42wim/matterbridge,2.3755173137269296
mickael-kerjean/filestash,0.0
moby/buildkit,2.4152570323389853
shen100/golang123,0.0
jgrahamc/httpdiff,0.0
arachnys/athenapdf,0.8571428571428571
hyperhq/hyperd,1.2118385150971183
golang/net,2.755062292926721
twpayne/chezmoi,0.9875222816399287
ashleymcnamara/gophers,0.0
google/trillian,1.0757535187470293
rtr7/router7,0.0
henrylee2cn/teleport,0.9882766705744431
pilosa/pilosa,0.9419729875878418
tdewolff/minify,0.9779005524861878
Ullaakut/cameradar,0.0
moncho/dry,0.9892357373519914
elastic/go-elasticsearch,0.9484536082474226
zalando/skipper,2.8192868743565325
go-qml/qml,0.0
skynetservices/skynet-archive,1.2338452629178671
EDDYCJY/go-gin-example,0.0
googleapis/google-cloud-go,2.4236457611241176
argoproj/argo-cd,1.4530850510044664
hellofresh/janus,1.8353823687187054
kubernetes-sigs/kubebuilder,1.5899523785006713
unidoc/unioffice,1.8259557540158837
gopher-os/gopher-os,0.0
olekukonko/tablewriter,0.5609100775137992
howeyc/fsnotify,0.6878612716763006
justinas/alice,0.7818181818181819
rcrowley/goagain,0.0
mpolden/echoip,0.0
minishift/minishift,1.0437297447541596
yunabe/lgo,0.0
pulumi/kubespy,0.46153846153846156
ahmetb/go-linq,1.0723613419629716
codesenberg/bombardier,0.0
shunfei/cronsun,0.7751771758631951
GoesToEleven/golang-web-dev,0.0
Terry-Mao/gopush-cluster,0.0
redspread/spread,0.6221498371335505
uber/makisu,0.7498086212302097
chanxuehong/wechat,0.0
shen100/wemall,0.0
src-d/gitbase,1.305795921563155
alash3al/sqler,0.0
weaveworks/eksctl,3.1471456240327114
willnorris/imageproxy,0.9545454545454546
fireworq/fireworq,0.8923535711982362
kabukky/journey,0.9375
alecthomas/chroma,1.2958142873837193
prometheus/client_golang,2.5543340176520264
influxdata/kapacitor,2.4417645178429854
nareix/joy4,0.0
rapidloop/rtop,0.0
intelsdi-x/snap,1.545449226659324
kubeedge/kubeedge,1.4638469865392358
brigadecore/brigade,1.5512237310987391
solo-io/gloo,0.9988166259274072
PuerkitoBio/gocrawl,0.8926829268292683
solo-io/gloo,0.9988166259274072
gocircuit/circuit,0.0
fogleman/pt,0.0
segmentio/kafka-go,1.2054208749506368
coreos/torus,2.1047412479553897
cube2222/octosql,0.9881616160676526
francoispqt/gojay,0.0
marcusolsson/tui-go,0.04918032786885246
xmge/gonote,0.0
isacikgoz/gitin,0.0
hashicorp/go-plugin,0.9639549697332699
kubernetes-incubator/external-storage,3.025616599508305
gravitational/workshop,1.2849944224085246
convox/rack,3.1717884661918334
google/btree,0.0
chaitin/xray,1.7118015328039633
aptly-dev/aptly,2.4541606723290017
feixiao/Distributed-Systems,0.10909090909090909
senghoo/golang-design-pattern,0.0
whyrusleeping/gx,1.7517887616365797
jwilder/docker-squash,0.0
go-telegram-bot-api/telegram-bot-api,1.7539648239411787
GeertJohan/go.rice,0.9788624512317543
arduino/arduino-cli,1.5484335061373593
cdarwin/go-koans,0.0
Azure/golua,0.3333333333333333
bxcodec/go-clean-arch,0.0
goadapp/goad,0.35392913380793334
shopspring/decimal,0.7678104401298007
elastic/logstash-forwarder,1.6482324044342385
osrg/gobgp,2.200259620265415
zentures/surgemq,0.0
oklog/ulid,0.4883720930232558
docker/cli,2.5860926399665645
dzhou121/gonvim,0.0
swaggo/swag,1.281545854097492
facebookincubator/ent,0.6312056737588653
kubernetes/kube-state-metrics,1.6056695780656352
gdamore/tcell,0.889763779527559
GoogleCloudPlatform/golang-samples,2.0976637173494157
vzex/dog-tunnel,0.6503496503496503
golang/proposal,0.6928459370291875
Shopify/go-lua,1.4350730234073477
egonelbre/gophers,0.0
golang/example,0.0
liuchengxu/blockchain-tutorial,0.0
go-ini/ini,0.0
dunglas/mercure,0.9559471365638766
liangdas/mqant,0.0
hlandau/acmetool,0.0
confluentinc/confluent-kafka-go,1.0398398647817562
containers/skopeo,1.7837571415449478
bradfitz/http2,1.2557666630583968
s-rah/onionscan,0.7906375166085684
segmentio/ksuid,0.0
magefile/mage,0.0
jasonlvhit/gocron,1.2008363702420788
kubernetes/test-infra,4.811377168990951
subfinder/subfinder,0.7871986186066453
matcornic/hermes,0.7142857142857143
rexray/rexray,1.9203131638214699
zquestz/s,1.2010297471925886
gocql/gocql,3.229899782515902
GoogleChromeLabs/simplehttp2server,0.0
uber-common/cpustat,0.75
MariaLetta/free-gophers-pack,0.0
googleforgames/open-match,0.8019911459833291
Jeffail/gabs,0.0
kubernetes/kubeadm,1.1670621533689955
chain/chain,0.9988528474899989
gopl-zh/gopl-zh.github.com,1.8364759891816986
zachlatta/sshtron,0.8282325727187059
pierrre/imageserver,0.0
hashicorp/memberlist,1.6732403447373594
go-jira/jira,0.5020618644176029
GoAdminGroup/go-admin,1.3800016034998093
moul/assh,0.9512195121951219
vmware-tanzu/sonobuoy,0.7731297585701176
olahol/melody,0.6901408450704225
nats-io/nats-streaming-server,1.6761218036274208
mperham/inspeqtor,0.9360902255639098
laher/goxc,1.2461718239777502
census-instrumentation/opencensus-go,1.3256688509410703
hpcloud/tail,0.9940791525580126
golang/crypto,1.3100638434636014
eth0izzle/shhgit,0.0
kubesphere/kubesphere,0.7520561230623966
kiali/kiali,1.0759484868930858
mkchoi212/fac,0.0
xyproto/algernon,0.0
github/git-sizer,0.0
sipt/shuttle,0.9090909090909091
skanehira/docui,1.6145958246194387
awnumar/memguard,0.0
opencontainers/runtime-spec,1.3722577539916623
ysrc/yulong-hids,1.0003715124399077
sourcegraph/appdash,1.7280259184932292
aws/amazon-ecs-agent,1.1611231868955998
gosuri/uiprogress,0.0
raviqqe/muffet,0.0
natefinch/lumberjack,0.0
ImVexed/muon,0.8378378378378378
arnauddri/algorithms,0.0
divan/expvarmon,0.0
gogf/gf,2.6410248126200035
talos-systems/talos,1.388373629594532
fsouza/go-dockerclient,3.8771751102316787
XiaoMi/naftis,0.8666666666666667
hu17889/go_spider,0.9582946232736839
alecthomas/participle,0.0
silenceper/wechat,1.4868523807643785
gokrazy/gokrazy,0.0
kubicorn/kubicorn,2.3066379669343635
labstack/armor,0.8117647058823529
kubevirt/kubevirt,2.3413842206623423
rancher/rio,1.0145983239699996
op/go-logging,0.0
jessevdk/go-flags,1.8008923611362484
rancher/rke,1.558932359326907
openshift/osin,1.1949532202446786
tenta-browser/tenta-dns,0.7894736842105263
caffix/amass,1.6626921119401616
kubernetes-sigs/krew,0.8289835106771388
helm/chartmuseum,1.9681021126775726
vulcand/oxy,1.1632501926505516
nanomsg/mangos-v1,1.2383809016686782
flosch/pongo2,0.0
golang/vgo,1.1796865103159981
txn2/kubefwd,0.0
ory/ladon,0.0
olivia-ai/olivia,0.963963963963964
sandglass/sandglass,0.0
nsqio/go-nsq,1.218275918814747
go-bootstrap/go-bootstrap,0.0
sciter-sdk/go-sciter,0.8214285714285714
ory/oathkeeper,0.873015873015873
kata-containers/runtime,1.0367564644596297
gokcehan/lf,0.14285714285714285
mikefarah/yq,0.7749228541970937
motemen/ghq,1.1040501943386225
bitnami-labs/sealed-secrets,0.9186819767397872
dreamans/syncd,0.9252336448598131
roboll/helmfile,1.9224067329298
iamduo/workq,0.0
google/novm,0.0
openshift/source-to-image,0.9653943931441537
mattn/go-gtk,2.35340524332641
apex/gh-polls,0.0
docker/libnetwork,2.1822643037910248
juju/juju,2.3833264148333435
cespare/reflex,0.8585858585858586
valyala/quicktemplate,0.0
serverless/event-gateway,1.7306501413678557
AlecAivazis/survey,0.0
asobti/kube-monkey,1.2093454859859305
gopherjs/vecty,1.2563117129036978
rubenv/sql-migrate,1.485739985710232
thecodingmachine/gotenberg,0.9466666666666667
TheAlgorithms/Go,0.6697033347764252
SpectoLabs/hoverfly,1.865296383168422
youtube/doorman,0.7611940298507462
rethinkdb/rethinkdb-go,1.6933889591856435
ravenac95/sudolikeaboss,0.0
ThreeDotsLabs/watermill,1.2312860145511535
crossplaneio/crossplane,1.0403532220933738
AutoSpotting/AutoSpotting,1.8310277480475725
mmcloughlin/globe,0.0
dgraph-io/ristretto,1.2121606054204754
studygolang/studygolang,1.7920542216499291
levigross/grequests,0.0
gtank/cryptopasta,0.0
marcusolsson/goddd,0.0
cosmos/cosmos-sdk,1.799699958150058
instrumenta/kubeval,1.323662770158997
tj/mmake,0.5918367346938775
henrylee2cn/faygo,0.0
google/keytransparency,1.7595453672030625
spaceuptech/space-cloud,1.3766222895392914
Qihoo360/poseidon,0.29994232432898726
bouk/monkey,0.0
koding/koding,1.9194304555566615
eolinker/goku-api-gateway,0.0
schollz/hostyoself,0.0
gorilla/sessions,0.1875
openfaas/faas-netes,1.9241712198090823
d5/tengo,0.9466666666666667
rodrigo-brito/gocity,0.0
inconshreveable/go-update,0.0
cenkalti/backoff,0.0
eBay/akutan,0.5428571428571428
hashicorp/golang-lru,0.76
cortexlabs/cortex,0.8261565891894591
unknwon/go-rock-libraries-showcases,0.0
utahta/pythonbrew,1.298294417916284
astaxie/gopkg,1.7069645573356231
ok-borg/borg,1.088799943420079
asdine/storm,1.4444437387426845
Jeffail/tunny,0.0
kryptco/kr,0.9794419970631424
hashicorp/envconsul,0.7174793849821287
tus/tusd,1.800153408523901
svent/sift,0.0
skydive-project/skydive,1.9474102623609837
google/gapid,1.6332107294940545
google/stenographer,1.6140147871626043
eyebluecn/tank,0.8892988929889298
icexin/gocraft,0.0
Masterminds/sprig,1.128714125034703
sylabs/singularity,1.9382537492279601
barnybug/cli53,0.9190751445086706
perlin-network/life,1.1105945706108395
google/go-cmp,0.0
segmentio/chamber,1.010520608106831
chzyer/readline,0.0
gocraft/web,0.9166666666666666
uber/cherami-server,0.7831581530583539
neex/phuip-fpizdam,0.0
miniflux/miniflux,1.8431720688401314
cosmos72/gomacro,0.0
esimov/triangle,0.0
libgit2/git2go,2.7294638330318697
montanaflynn/stats,0.9342275231916245
dop251/goja,0.0
bcicen/grmon,0.0
google/uuid,0.4782608695652174
lastbackend/lastbackend,1.4573054220474462
cihub/seelog,1.2478910726696422
StackExchange/dnscontrol,1.421061897933829
FiloSottile/whosthere,0.0
jingweno/godzilla,0.0
nanobox-io/nanobox,1.350081582240563
square/go-jose,2.1459205670526766
ajstarks/svgo,0.0
hellogcc/100-gdb-tips,0.7160164998547474
didip/tollbooth,0.0
hunterlong/statping,1.3329405918840302
nanopack/yoke,0.7735849677982741
ajvb/kala,1.6660918549004184
google/periph,2.010627457205487
takama/daemon,1.295091992851187
thoas/go-funk,1.1463464512468156
aerokube/selenoid,0.8322774061934729
crazy-max/WindowsSpyBlocker,0.0
rancher/k3os,0.8745723279426001
alexei-led/pumba,1.4514297087513344
dave/jennifer,0.0
RichardKnop/go-oauth2-server,0.8434442270058709
gocraft/dbr,0.5160853095656299
derailed/popeye,0.0
liftbridge-io/liftbridge,0.8971428571428571
mattn/gom,0.9324324324324325
kisielk/errcheck,1.3755482660067433
sofastack/sofa-mosn,1.4448885263615248
openacid/slim,1.4413725990797068
VictoriaMetrics/VictoriaMetrics,1.554528324951309
stripe/veneur,1.2486495214262983
cpmech/gosl,0.9826946847960445
google/ko,0.0
cloudfoundry/cli,2.0165129211703214
flant/werf,1.62707581216263
google/google-ctf,0.0
ochinchina/supervisord,1.028927613242884
xeipuuv/gojsonschema,0.6851481649173018
jpillora/overseer,0.0
cuelang/cue,1.8661098765690542
davrodpin/mole,1.004509460482253
kedacore/keda,1.2433601240861112
securitywithoutborders/hardentools,0.22529644268774704
DMarby/picsum-photos,0.0
xiaojiaqi/10billionhongbaos,0.0
vektra/mockery,1.494197357662372
aws/amazon-ecs-cli,1.32879327921497
cznic/ql,0.7777777777777778
reviewdog/reviewdog,1.844807136907024
cortesi/modd,0.952755905511811
hashicorp/go-memdb,0.46561451330472936
rs/xid,0.0
docker/app,0.9086435460122545
microcosm-cc/bluemonday,1.5337910710017668
nytlabs/streamtools,1.28493650746381
elliotchance/c2go,2.077814231988166
ssllabs/ssllabs-scan,0.9521938205449599
thrasher-corp/gocryptotrader,1.6168724894665327
go-chassis/go-chassis,1.8353734289951953
kythe/kythe,2.0580269707932244
kubernetes-sigs/metrics-server,0.6829268292682928
caarlos0/env,1.5919561567905445
jtblin/kube2iam,1.0399765605711486
flashmob/go-guerrilla,1.1786057573213047
unrolled/render,0.9917782340340697
funny/link,0.0
ory/fosite,1.7073778016902434
matthewmueller/joy,0.0
sjqzhang/go-fastdfs,0.0
metrue/fx,2.0185762309112825
ugorji/go,0.0
grammarly/rocker,1.0628110019082124
ddollar/forego,0.643312101910828
justjanne/powerline-go,1.54801334154718
rs/cors,0.0
xiaonanln/goworld,0.0
Yelp/dockersh,0.9575971731448764
mit-pdos/biscuit,3.7800662746474867
malfunkt/hyperfox,0.0
orcaman/concurrent-map,0.5894168767607109
julienschmidt/go-http-routing-benchmark,0.8317757009345794
muesli/smartcrop,0.6722106381580987
cloudnativelabs/kube-router,1.4623908357623618
gonum/plot,1.3269799901862545
panjf2000/gnet,0.0
rakyll/gom,0.0
glycerine/zygomys,1.3513113772995993
samuel/go-zookeeper,1.4704798914337833
dnote/dnote,0.8461538461538461
deckarep/golang-set,0.9787847302391548
evilsocket/xray,0.0
dreadl0ck/netcap,0.0
coreos/etcd-operator,1.7222238274099526
hyper0x/Golang_Puzzlers,0.0
ContainerSolutions/k8s-deployment-strategies,0.0
unrolled/secure,0.0
square/certstrap,0.36082392633689714
disintegration/gift,0.8461538461538461
perlin-network/noise,1.1243304425196727
filecoin-project/go-filecoin,1.169414936090967
helm/monocular,0.9265485185317905
miguelmota/cointop,0.0
prometheus/blackbox_exporter,1.0879967762181622
klauspost/compress,0.9691516709511568
juju/ratelimit,0.0
XiaoMi/Gaea,0.6097560975609756
go-echarts/go-echarts,0.8833333333333333
writeas/writefreely,1.685503071483326
antonmedv/red,0.0
lovoo/goka,0.8390377673263583
solo-io/squash,0.7353448138645229
mattn/goreman,1.171618024285992
huichen/sego,0.6
tidwall/summitdb,0.0
haxpax/gosms,0.2112676056338028
galeone/tfgo,0.8315789473684211
songtianyi/wechat-go,0.0
kubernetes-sigs/aws-iam-authenticator,0.7211796718183238
monochromegane/go_design_pattern,0.0
shiyanhui/hero,0.4634146341463415
appc/spec,2.620361101690857
go-zoo/bone,1.313198307917874
umputun/remark,1.9780555008093752
nwidger/nintengo,1.2444994676110954
oniony/TMSU,0.9895470383275261
yyyar/gobetween,1.3363167274759402
gardener/gardener,3.5680315932813462
stianeikeland/go-rpio,0.5810206829482109
devfeel/dotweb,1.7557324867966446
rakyll/coop,0.0
snapcore/snapd,3.1106286187630228
gliderlabs/ssh,0.43471783013436976
cloudflare/tableflip,0.0
google/martian,1.4107540645007333
nicksnyder/go-i18n,1.255256346147922
kubernetes-sigs/aws-alb-ingress-controller,2.158625825110487
cloudflare/redoctober,0.9497830509508409
adammck/terraform-inventory,0.8901098901098901
weaveworks/flagger,2.075017032636259
sanathp/statusok,0.0
keybase/kbfs,2.124928979380587
bitfield/script,0.8793103448275862
gocraft/work,1.165373836864519
guptarohit/asciigraph,0.7560975609756098
rfjakob/gocryptfs,0.8494623655913979
puma/puma-dev,1.3364249870575402
wal-g/wal-g,1.401309849638625
faceair/youjumpijump,0.0
awslabs/aws-lambda-container-image-converter,0.8571428571428571
terraform-providers/terraform-provider-azurerm,4.977737605019334
minio/mc,1.9568993105427037
GoogleContainerTools/container-structure-test,1.1772782169054181
keel-hq/keel,2.699574745140394
uber-go/ratelimit,0.0
matryer/vice,0.7378780578121354
tylerb/graceful,1.2122064363978786
sourcegraph/webloop,0.0
hacklcx/HFish,0.8666666666666667
gavv/httpexpect,0.9575757575757575
jsha/minica,0.0
lindb/lindb,0.8227727616426289
docopt/docopt.go,0.43597438296433794
tylertreat/BoomFilters,0.6551724137931034
rancher/convoy,1.7992930506699
kidoman/embd,1.2892826939006743
wailsapp/wails,0.8821138211382114
imroc/req,0.0
banzaicloud/pipeline,1.2650768585996088
0xAX/go-algorithms,0.5862068965517241
bmizerany/pat,0.36363636363636365
hyperledger-archives/fabric,1.4491751675085165
baetyl/baetyl,0.804533120048458
vmware/govmomi,3.616096856743022
radondb/radon,0.5450145101981511
aktau/github-release,0.0
facebookarchive/inject,0.0
docker/compose-on-kubernetes,0.8213849190532821
pdfcpu/pdfcpu,0.0
brutella/hc,0.96
coreos/go-systemd,0.9482739926817091
sony/sonyflake,0.0
GoogleCloudPlatform/continuous-deployment-on-kubernetes,1.1263192448512611
gojp/goreportcard,1.4946005639538424
mozilla/mig,1.916218631293765
getantibody/antibody,0.9797639123102867
isacikgoz/gitbatch,0.0
gojek/heimdall,1.1881221944861022
jordan-wright/email,0.8965542503437948
anaskhan96/soup,0.9047619047619048
go-ozzo/ozzo-validation,0.0
eko/monday,0.0
albrow/fo,0.0
rudderlabs/rudder-server,0.0
genuinetools/reg,1.7187135848427744
changkun/go-under-the-hood,0.0
shawn1m/overture,0.8472222222222222
go-oauth2/oauth2,0.9294117647058824
hashicorp/yamux,0.8208955223880597
muesli/cache2go,0.8024691358024691
s3git/s3git,0.0
gophercon/2017-talks,0.36666666666666664
bradfitz/gomemcache,0.0
thoas/picfit,0.7333333333333333
drakkan/sftpgo,0.0
djhworld/simple-computer,0.0
michaelmacinnis/oh,0.0
chai2010/go2-book,0.0
ehazlett/stellar,0.0
go-ego/gse,0.0
go-opencv/go-opencv,0.9573630450356857
tidwall/redcon,0.0
EngoEngine/engo,1.5847231830766635
gocelery/gocelery,0.0
bilibili/overlord,0.5677222834890711
smallstep/certificates,0.9545024064992071
trustmaster/goflow,0.0
mingrammer/go-web-framework-stars,0.958904109589041
apache/dubbo-go,1.3289343525817525
uniqush/uniqush-push,0.7234534257949787
appscode/voyager,2.104281915077275
terraform-linters/tflint,1.9113784781426202
mcuadros/ofelia,0.7096774193548387
docker/libcontainer,1.6831150652105964
c-bata/kube-prompt,0.0
GetStream/vg,0.9642857142857143
requilence/integram,0.0
ericfreese/rat,0.0
mmcloughlin/avo,0.0
dghubble/gologin,0.0
pkg/profile,0.0
iov-one/weave,1.2978873579844086
jrallison/go-workers,0.7692307692307693
campoy/justforfunc,0.0
slackhq/go-audit,1.0089492538817015
y0ssar1an/q,0.7478991596638656
bradleyjkemp/memviz,0.0
u-root/u-root,2.308138673741277
GoBelieveIO/im_service,0.0
boyter/scc,1.3304202656015685
mgartner/pg_flame,0.0
antonholmquist/jason,0.0
nhooyr/websocket,0.0
lonng/nano,0.0
sgreben/jp,0.0
Bytom/bytom,1.2364701333072574
halfrost/LeetCode-Go,0.0
denisenkom/go-mssqldb,1.4832513999097585
adrianco/spigo,0.9109792284866469
tleyden/open-ocr,0.0
soheilhy/cmux,0.5445544554455446
pusher/oauth2_proxy,1.795008079055312
sensepost/ruler,0.0
submariner-io/submariner,1.0210485784088785
shyiko/jabba,0.9666160849772383
rach/pome,0.0
shadowsocks/v2ray-plugin,0.2
looterz/grimd,0.8352941176470589
compose/transporter,0.9261541850676067
facette/facette,1.006352969493394
bitnami-labs/kubewatch,0.6622950348179557
xtaci/gonet,0.0
segmentio/terraform-docs,0.4998405357956573
smallnest/go-web-framework-benchmark,1.1959779771380856
kubernetes-incubator/kube-aws,3.0421483302331627
bemasher/rtlamr,0.0
crosbymichael/skydock,0.0
kylesliu/awesome-golang-leetcode,1.3154437829015375
thedevsaddam/gojsonq,0.8936170212765957
clipperhouse/gen,1.6589946531237205
sevlyar/go-daemon,0.0
JoelOtter/termloop,0.0
dghubble/sling,0.0
mop-tracker/mop,0.4012738853503185
bwmarrin/discordgo,1.8088582615676725
awslabs/amazon-ecr-credential-helper,1.1744604198877022
tinylib/msgp,1.5688415806975042
xiaoming2028/FreeNet,0.0
Terry-Mao/bfs,0.0
abh/geodns,1.8217631189806223
joyent/containerpilot,1.7383917165012033
markphelps/flipt,0.0
hprose/hprose-golang,0.9375
cheekybits/genny,0.19885206461190247
openkruise/kruise,0.7333533823231738
brocaar/chirpstack-network-server,0.0
juju/errors,0.6494372236659931
pressly/goose,0.9560515884273371
dshearer/jobber,0.9696202531645569
cdipaolo/goml,0.8926174496644296
nadoo/glider,0.0
mitchellh/cli,0.9099099099099099
Azure/acs-engine,1.8721611494349453
ksonnet/ksonnet,1.149392446010335
cloud66-oss/habitus,1.1520617019430877
dchest/captcha,0.0
uber-go/dig,1.0372874444040925
oliver006/redis_exporter,1.493537292429213
pravj/geopattern,0.0
gographics/imagick,0.6556441218404055
fatih/pool,0.0
tucnak/telebot,1.6387675480388322
gosuri/uilive,0.0
splitsh/lite,0.0
FairwindsOps/polaris,0.9881171972256048
rlmcpherson/s3gof3r,0.959349593495935
bcicen/slackcat,0.0
google/skicka,0.30612244897959184
lileio/lile,0.9111111111111111
ChimeraCoder/anaconda,1.4749191491865787
golang/tour,1.3781403634839515
alicebob/miniredis,0.0
go-llvm/llgo,1.5058718413980932
pengwynn/flint,0.8936170212765957
justone/dockviz,0.7582417582417582
justinas/nosurf,0.0
hanwen/go-fuse,1.5704520961820403
jondot/goweight,0.0
