reponame,time_avg,n
golang/go,139.011320754717,265
kubernetes/kubernetes,436.63793103448273,116
gohugoio/hugo,91.47916666666667,48
astaxie/build-web-application-with-golang,61.682539682539684,63
gin-gonic/gin,62.357142857142854,14
gogs/gogs,99.44444444444444,45
fatedier/frp,8.333333333333334,3
syncthing/syncthing,197.19230769230768,26
etcd-io/etcd,209.57746478873239,71
prometheus/prometheus,100.27692307692308,65
containous/traefik,75.42857142857143,35
junegunn/fzf,375.0,4
caddyserver/caddy,51.333333333333336,39
ethereum/go-ethereum,167.03333333333333,60
v2ray/v2ray-core,36.333333333333336,6
astaxie/beego,75.29729729729729,37
pingcap/tidb,76.94495412844037,109
FiloSottile/mkcert,49.5,2
istio/istio,59.96350364963504,137
drone/drone,73.85365853658537,41
hashicorp/terraform,106.40298507462687,201
minio/minio,142.24,25
unknwon/the-way-to-go_ZH_CN,34.55555555555556,27
github/hub,117.33333333333333,24
influxdata/influxdb,273.47222222222223,108
hashicorp/consul,109.72289156626506,83
inconshreveable/ngrok,142.0,2
wagoodman/dive,74.75,4
cockroachdb/cockroach,335.3157894736842,95
go-gitea/gitea,70.18556701030928,97
rclone/rclone,128.8846153846154,26
mattermost/mattermost-server,89.16216216216216,111
kataras/iris,152.25,8
nsqio/nsq,161.41666666666666,12
kubernetes/minikube,88.89655172413794,58
openfaas/faas,65.33333333333333,24
jinzhu/gorm,134.55555555555554,9
labstack/echo,116.22222222222223,9
yeasy/docker_practice,121.57142857142857,7
go-kit/kit,58.21052631578947,19
helm/helm,64.71212121212122,66
spf13/cobra,32.3125,16
hashicorp/vault,104.57446808510639,94
joewalnes/websocketd,72.0,2
jesseduffield/lazygit,112.18181818181819,11
yudai/gotty,197.0,1
rancher/rancher,91.37142857142857,35
cayleygraph/cayley,88.53333333333333,15
tsenart/vegeta,159.66666666666666,3
sirupsen/logrus,33.59090909090909,22
golang/dep,60.34,50
go-delve/delve,96.3076923076923,13
jesseduffield/lazydocker,50.875,8
urfave/cli,54.30434782608695,23
buger/goreplay,107.875,8
zyedidia/micro,99.8125,16
dgraph-io/dgraph,113.46428571428571,28
revel/revel,38.714285714285715,35
tmrts/go-patterns,31.0,2
xtaci/kcptun,332.0,1
helm/charts,23.682758620689654,290
wtfutil/wtf,102.23529411764706,17
go-martini/martini,49.875,8
valyala/fasthttp,137.75,8
coreybutler/nvm-windows,168.0,1
fogleman/primitive,145.0,1
txthinking/brook,174.0,1
CodisLabs/codis,42.0,6
gorilla/mux,16.2,10
gorilla/websocket,66.33333333333333,3
julienschmidt/httprouter,215.0,1
boltdb/bolt,137.4,5
spf13/viper,12.0,12
kubernetes/kops,63.293103448275865,116
micro/go-micro,185.54545454545453,11
grpc/grpc-go,87.17241379310344,29
google/grumpy,21.142857142857142,7
google/cadvisor,73.18518518518519,27
goharbor/harbor,224.93333333333334,30
chai2010/advanced-go-programming-book,145.66666666666666,9
rancher/k3s,88.55555555555556,9
hashicorp/packer,73.85534591194968,159
jaegertracing/jaeger,47.06666666666667,15
gizak/termui,40.125,8
gocolly/colly,47.0,8
google/gvisor,67.64,25
bcicen/ctop,135.0,3
hyperledger/fabric,118.04838709677419,62
esimov/caire,193.0,1
dutchcoders/transfer.sh,59.166666666666664,6
vitessio/vitess,172.49397590361446,83
ipfs/go-ipfs,151.45901639344262,61
stretchr/testify,24.727272727272727,11
rkt/rkt,116.69047619047619,42
gopherjs/gopherjs,336.3333333333333,6
chrislusf/seaweedfs,216.0,11
cnlh/nps,26.5,2
quii/learn-go-with-tests,69.16666666666667,12
restic/restic,121.625,32
go-sql-driver/mysql,73.55555555555556,9
asciimoo/wuzz,32.2,5
iawia002/annie,246.0,2
dinedal/textql,94.0,1
uber-go/zap,49.6,5
elastic/beats,151.34426229508196,61
PuerkitoBio/goquery,124.5,2
GoogleContainerTools/skaffold,127.14285714285714,35
apex/apex,152.25,4
golang/groupcache,14.0,2
cyfdecyf/cow,521.0,2
Masterminds/glide,100.4,10
grafana/loki,42.95,20
influxdata/telegraf,55.0655737704918,61
git-lfs/git-lfs,199.41666666666666,36
gravitational/teleport,266.9375,16
Netflix/chaosmonkey,53.0,2
ory/hydra,120.11111111111111,9
flynn/flynn,337.85714285714283,21
apex/up,204.0,1
go-redis/redis,207.33333333333334,6
jmoiron/sqlx,95.66666666666667,3
grpc-ecosystem/grpc-gateway,32.473684210526315,19
andlabs/ui,2767.0,1
bilibili/kratos,30.5,14
attic-labs/noms,168.25,16
emirpasic/gods,100.66666666666667,3
rakyll/hey,44.2,5
future-architect/vuls,74.63636363636364,11
micro/micro,305.0,5
openshift/origin,156.42446043165467,139
fyne-io/fyne,161.875,8
nats-io/nats-server,140.92857142857142,14
unknwon/go-fundamental-programming,115.0,1
sjwhitworth/golearn,33.583333333333336,12
sqshq/sampler,120.0,2
dgraph-io/badger,50.733333333333334,15
kelseyhightower/confd,54.25,12
gomodule/redigo,62.333333333333336,3
google/go-cloud,124.45454545454545,11
go-chi/chi,43.666666666666664,3
tidwall/tile38,129.83333333333334,6
shadowsocks/shadowsocks-go,79.0,4
dgrijalva/jwt-go,85.66666666666667,3
urfave/negroni,37.25,8
therecipe/qt,16.0,1
opencontainers/runc,58.46666666666667,60
json-iterator/go,139.0,5
kubernetes/dashboard,52.794117647058826,34
rook/rook,86.25,40
ardanlabs/gotraining,204.5,12
tylertreat/comcast,31.5,2
bettercap/bettercap,34.2,5
hoanhan101/ultimate-go,173.0,1
cjbassi/gotop,198.0,2
sosedoff/pgweb,151.16666666666666,6
keybase/client,769.7,40
blevesearch/bleve,163.35714285714286,14
henrylee2cn/pholcus,467.0,1
kubernetes/ingress-nginx,79.6,45
usefathom/fathom,212.33333333333334,3
gdrive-org/gdrive,127.0,2
filebrowser/filebrowser,537.0,3
polaris1119/The-Golang-Standard-Library-by-Example,28.6,5
hybridgroup/gobot,107.27272727272727,22
coreos/clair,89.0,9
fabiolb/fabio,116.25,8
linuxkit/linuxkit,190.38888888888889,36
tomnomnom/gron,170.0,1
docker/swarm,86.5945945945946,37
weaveworks/weave,326.6190476190476,21
jroimartin/gocui,228.0,1
teh-cmc/go-internals,19.0,1
tools/godep,134.0,2
XiaoMi/soar,82.25,4
graphql-go/graphql,46.529411764705884,17
golang/protobuf,46.583333333333336,12
rancher/os,231.36363636363637,11
loadimpact/k6,55.125,16
peco/peco,156.625,8
docker/machine,77.4054054054054,37
go-xorm/xorm,174.85714285714286,7
mailhog/MailHog,127.0,2
casbin/casbin,116.2,5
cheat/cheat,42.44444444444444,18
lib/pq,25.5,18
hashicorp/nomad,170.90217391304347,92
direnv/direnv,72.4,5
developer-learning/night-reading-go,54.54545454545455,11
simeji/jid,110.0,1
tidwall/gjson,176.0,1
upspin/upspin,178.41666666666666,12
aws/aws-sdk-go,125.1875,16
Workiva/go-datastructures,27.0,7
kubernetes/community,32.08762886597938,194
pkg/errors,104.0,1
zricethezav/gitleaks,107.0,3
google/go-github,31.523809523809526,21
kubeless/kubeless,54.0,14
open-falcon/falcon-plus,26.0,20
cloudson/gitql,51.75,4
smartystreets/goconvey,97.0,10
yeasy/blockchain_guide,265.5,2
gobuffalo/buffalo,192.16666666666666,12
GoesToEleven/GolangTraining,263.0,1
rancher/os,231.36363636363637,11
coredns/coredns,77.68181818181819,22
Shopify/sarama,56.0,31
360EntSecGroup-Skylar/excelize,8.333333333333334,3
docker/distribution,50.94117647058823,34
TykTechnologies/tyk,192.14285714285714,14
rqlite/rqlite,559.3333333333334,3
robertkrimen/otto,191.0,3
erroneousboat/slack-term,122.5,2
kardianos/govendor,204.0,2
bitly/oauth2_proxy,56.8,5
go-ego/riot,547.0,1
google/seesaw,8.333333333333334,3
DNSCrypt/dnscrypt-proxy,204.0,5
yinghuocho/firefly-proxy,39.0,1
robfig/cron,48.0,2
tinygo-org/tinygo,134.0,8
flike/kingshard,93.75,4
rakyll/boom,39.25,4
goreleaser/goreleaser,134.46666666666667,15
linkerd/linkerd2,68.08333333333333,24
containerd/containerd,96.48076923076923,52
hashicorp/serf,79.47368421052632,19
nsf/gocode,10.375,8
zserge/lorca,28.0,1
inlets/inlets,77.0,2
coreos/flannel,39.411764705882355,17
akavel/up,56.0,2
fission/fission,58.6,15
gcla/termshark,177.5,2
xo/usql,375.0,1
GoogleContainerTools/kaniko,14.38888888888889,18
schollz/find,155.5,2
cloudflare/cfssl,51.166666666666664,18
ponzu-cms/ponzu,233.4,5
cilium/cilium,342.1,30
src-d/go-git,55.28,25
fiorix/freegeoip,170.5,2
thanos-io/thanos,40.27272727272727,22
containrrr/watchtower,29.0,6
jetstack/cert-manager,112.45,20
kubernetes/kompose,74.86666666666666,15
olivere/elastic,265.5,4
Dreamacro/clash,64.75,4
concourse/concourse,178.0568181818182,88
davecheney/httpstat,32.5,4
wallix/awless,221.0,6
facebookarchive/grace,82.0,1
go-swagger/go-swagger,72.19354838709677,31
adnanh/webhook,46.285714285714285,7
google/gxui,41.75,4
cdr/sshcode,16.833333333333332,6
perkeep/perkeep,133.27777777777777,36
fnproject/fn,58.964285714285715,28
dragonflyoss/Dragonfly,60.578947368421055,19
gotify/server,203.5,2
fogleman/nes,178.0,1
gliderlabs/registrator,21.3,10
shirou/gopsutil,51.8,20
lightningnetwork/lnd,187.14285714285714,42
photoprism/photoprism,449.5,2
gophish/gophish,108.0,6
Shopify/toxiproxy,80.8,5
ginuerzh/gost,222.0,2
qor/qor,209.54545454545453,11
google/git-appraise,52.25,4
coyove/goflyway,362.0,1
kubernetes-sigs/kustomize,78.84615384615384,26
smallnest/rpcx,364.0,1
russross/blackfriday,38.125,8
alibaba/pouch,90.21428571428571,28
dapr/dapr,55.125,8
miekg/dns,261.2142857142857,14
pachyderm/pachyderm,426.1818181818182,33
argoproj/argo,43.0,14
muesli/beehive,86.44444444444444,9
MontFerret/ferret,73.33333333333333,6
pulumi/pulumi,204.77777777777777,18
go-playground/validator,92.5,4
jpillora/cloud-torrent,38.5,2
chromedp/chromedp,213.5,2
lxn/walk,155.1,10
fsnotify/fsnotify,79.75,4
appleboy/gorush,675.0,1
golangci/golangci-lint,47.57142857142857,7
uber/prototool,22.0,2
dexidp/dex,42.76470588235294,17
centrifugal/centrifugo,338.0,3
eranyanay/1m-go-websockets,7.0,1
gliderlabs/logspout,33.25,8
Jguer/yay,132.1,10
golang/mobile,74.4,10
gaia-pipeline/gaia,87.66666666666667,3
weaveworks/scope,136.08333333333334,36
asaskevich/govalidator,37.111111111111114,9
b3log/pipe,753.0,3
tektoncd/pipeline,33.172413793103445,29
dropbox/godropbox,52.666666666666664,9
HFO4/gameboy.live,30.5,2
microsoft/ethr,25.0,2
tidwall/evio,127.0,1
mmcgrana/gobyexample,181.4,5
derailed/k9s,150.33333333333334,3
Terry-Mao/goim,99.2,5
prometheus/node_exporter,31.02857142857143,35
hashicorp/consul-template,29.666666666666668,15
go-acme/lego,23.454545454545453,11
uber-archive/go-torch,36.0,3
alexflint/gallium,144.0,1
btcsuite/btcd,129.5909090909091,22
tealeg/xlsx,20.785714285714285,14
adonovan/gopl.io,20.0,1
shazow/ssh-chat,43.888888888888886,9
RichardKnop/machinery,75.8,10
rgburke/grv,579.0,1
spiral/roadrunner,253.5,4
Azure/draft,52.36842105263158,19
goadesign/goa,84.0,21
tj/node-prune,31.0,2
kubernetes-sigs/kind,118.28571428571429,14
twitchtv/twirp,32.333333333333336,6
mongodb/mongo-go-driver,38.095238095238095,21
elves/elvish,526.2857142857143,7
kashav/fsql,134.0,1
zenazn/goji,109.0,2
alecthomas/gometalinter,64.4,5
docker/docker-ce,116.57142857142857,322
nsf/termbox-go,12.0,2
contribsys/faktory,77.5,8
coreos/prometheus-operator,57.276595744680854,47
rivo/tview,108.0,2
emicklei/go-restful,97.0,6
99designs/gqlgen,81.9375,16
travisjeffery/jocko,483.0,1
go-yaml/yaml,74.0,3
mitchellh/gox,49.0,2
fanpei91/torsniff,8.0,1
davecgh/go-spew,61.5,2
motemen/gore,92.33333333333333,3
jpmorganchase/quorum,137.52777777777777,72
gchaincl/httplab,119.0,1
aelsabbahy/goss,136.5,2
gomatcha/matcha,397.0,1
google/gops,60.0,2
onsi/ginkgo,25.375,8
jwilder/docker-gen,56.0,5
huichen/wukong,44.5,2
mozilla-services/heka,109.05714285714286,35
hoisie/web,93.0,2
elazarl/goproxy,51.25,4
schollz/find3,584.0,1
jung-kurt/gofpdf,47.625,8
docker-slim/docker-slim,104.0,3
igrigorik/ga-beacon,39.0,1
syndtr/goleveldb,158.0,4
ant0ine/go-json-rest,508.0,1
satori/go.uuid,122.0,1
lifei6671/mindoc,337.0,2
EasyDarwin/EasyDarwin,13.5,2
jpillora/chisel,65.0,1
lucas-clemente/quic-go,1971.5,2
tendermint/tendermint,164.3409090909091,44
oxequa/realize,383.0,2
sql-machine-learning/sqlflow,80.4,10
burke/zeus,65.41666666666667,12
MichaelMure/git-bug,93.9,10
OWASP/Go-SCP,79.5,2
terraform-providers/terraform-provider-aws,76.91549295774648,213
golang/lint,27.25,4
DisposaBoy/GoSublime,9.0,2
containers/libpod,169.36363636363637,33
vmware-tanzu/velero,118.61538461538461,13
go-flutter-desktop/go-flutter,70.0,3
go-pg/pg,438.25,4
gogo/protobuf,89.5,10
ansible-semaphore/semaphore,50.27272727272727,11
gonum/gonum,333.875,16
name5566/leaf,321.0,1
golang/mock,28.75,8
patrickmn/go-cache,157.0,1
meshbird/meshbird,84.0,2
go-gorp/gorp,24.857142857142858,14
tsuru/tsuru,372.46153846153845,39
github/orchestrator,223.94117647058823,17
fluxcd/flux,149.2,25
gruntwork-io/terragrunt,41.44444444444444,27
golang/tools,50.07272727272727,55
golang-migrate/migrate,42.8,15
codegangsta/gin,53.5,2
astaxie/go-best-practice,38.0,1
variadico/noti,255.0,1
jenkins-x/jx,150.0,50
dvyukov/go-fuzz,88.5,8
siddontang/ledisdb,164.4,5
ha/doozerd,269.1666666666667,6
fatih/color,91.0,1
maxence-charriere/app,726.0,1
gruntwork-io/terratest,48.666666666666664,24
adtac/commento,210.5,2
anacrolix/torrent,415.0,5
mozilla/sops,58.06666666666667,15
yuin/gopher-lua,51.6,5
knadh/listmonk,64.33333333333333,3
letsencrypt/boulder,206.56521739130434,23
google/gopacket,29.153846153846153,39
googollee/go-socket.io,47.333333333333336,3
uber/kraken,149.6,5
progrium/localtunnel,76.0,2
vmware-tanzu/octant,200.14285714285714,7
nuclio/nuclio,53.68421052631579,19
goproxyio/goproxy,19.0,3
tianon/gosu,104.0,1
hashicorp/raft,35.421052631578945,19
Tencent/bk-cmdb,703.0,15
uber/cadence,87.38461538461539,13
bitly/go-simplejson,25.5,2
manifoldco/promptui,12.0,5
graph-gophers/graphql-go,38.9,10
michenriksen/aquatone,23.666666666666668,3
hasura/gitkube,71.0,2
ffhelicopter/Go42,12.0,1
jwilder/dockerize,46.0,2
goby-lang/goby,187.92857142857142,14
claudiodangelis/qr-filetransfer,25.75,4
gopasspw/gopass,91.0,6
AsynkronIT/protoactor-go,103.91666666666667,12
gwuhaolin/lightsocks,20.0,2
nytimes/gizmo,40.75,8
gorgonia/gorgonia,155.75,4
davyxu/cellnet,497.0,1
BurntSushi/toml,54.5,4
windmilleng/tilt,271.875,8
vugu/vugu,76.0,2
google/pprof,49.42857142857143,7
bosun-monitor/bosun,226.64705882352942,17
cortesi/devd,172.0,1
go-macaron/macaron,213.0,1
gomods/athens,27.05263157894737,19
wercker/stern,21.333333333333332,3
crawlab-team/crawlab,44.2,5
securego/gosec,45.5,8
asticode/go-astilectron,65.5,2
vulcand/vulcand,46.77777777777778,9
google/netstack,26.625,16
sourcegraph/sourcegraph,172.80769230769232,26
fatih/structs,140.0,1
streadway/amqp,71.5,6
zxh0/jvm.go,24.0,2
buger/jsonparser,58.0,3
oklog/oklog,104.5,2
heroiclabs/nakama,163.75,4
dominikh/go-tools,417.0,3
gilbertchen/duplicacy,9.666666666666666,6
imgproxy/imgproxy,540.0,1
99designs/aws-vault,59.888888888888886,9
disintegration/imaging,55.333333333333336,3
olebedev/go-starter-kit,30.0,2
mitchellh/mapstructure,76.5,2
kubernetes/client-go,37.90909090909091,44
lni/dragonboat,647.0,1
sourcegraph/checkup,20.25,4
h2non/imaginary,161.66666666666666,3
gobwas/ws,109.5,2
NebulousLabs/Sia,420.3636363636364,22
hybridgroup/gocv,55.5,18
kgretzky/evilginx2,37.5,2
alecthomas/kingpin,80.0,3
prometheus/alertmanager,70.73076923076923,26
nektos/act,46.0,2
allegro/bigcache,14.0,4
karan/joe,5.0,1
chrislusf/glow,105.0,3
anthonynsimon/bild,249.0,1
iron-io/functions,50.81818181818182,11
open-policy-agent/opa,116.23529411764706,17
jingweno/ccat,54.5,2
mholt/certmagic,61.0,1
libp2p/go-libp2p,71.76470588235294,17
pion/webrtc,62.642857142857146,14
ksimka/go-is-not-good,22.0,1
google/syzkaller,135.76666666666668,30
operator-framework/operator-sdk,59.08695652173913,23
c-bata/go-prompt,152.5,2
hashicorp/hcl,70.57142857142857,7
siddontang/go-mysql-elasticsearch,59.0,2
google/wire,44.0,3
koding/kite,156.3,10
rcrowley/go-metrics,58.6,5
mholt/archiver,48.0,2
schollz/croc,149.0,7
monochromegane/the_platinum_searcher,73.16666666666667,6
nlopes/slack,23.263157894736842,19
rs/zerolog,66.5,2
faiface/pixel,65.23076923076923,13
mailgun/godebug,102.0,2
d4l3k/go-pry,91.0,2
googleforgames/agones,76.4,10
remind101/empire,204.63636363636363,11
golang/oauth2,37.5,6
soundcloud/roshi,138.5,2
kelseyhightower/envconfig,22.666666666666668,3
fogleman/ln,81.0,1
360EntSecGroup-Skylar/goreporter,196.0,1
kubernetes-retired/heapster,59.833333333333336,36
pquerna/ffjson,139.66666666666666,3
kubernetes/autoscaler,62.54761904761905,42
nats-io/nats.go,82.45454545454545,11
tidwall/buntdb,53.5,2
panjf2000/ants,478.0,1
Masterminds/squirrel,24.571428571428573,7
genuinetools/img,110.33333333333333,3
go-gomail/gomail,84.0,1
kahing/goofys,206.0,4
aquasecurity/trivy,28.666666666666668,6
campoy/go-tooling-workshop,27.0,1
drk1wi/Modlishka,92.0,1
Jeiwan/blockchain_go,135.0,1
volatiletech/sqlboiler,190.85714285714286,7
ovh/cds,331.90909090909093,11
go-mgo/mgo,89.0,7
coreos/fleet,188.46153846153845,13
whalebrew/whalebrew,63.5,2
parnurzeal/gorequest,58.833333333333336,6
wcharczuk/go-chart,276.0,1
sorintlab/stolon,249.0,3
gobuffalo/packr,132.5,2
goinaction/code,222.0,1
thewhitetulip/web-dev-golang-anti-textbook,61.0,4
fullstorydev/grpcurl,63.0,1
lxc/lxd,378.10714285714283,28
kubernetes-sigs/external-dns,28.25925925925926,27
knative/serving,47.293103448275865,58
HouzuoGuo/tiedot,110.33333333333333,6
syncsynchalt/illustrated-tls,79.0,1
tinode/chat,526.3333333333334,3
fvbock/endless,26.5,2
gpmgo/gopm,202.0,2
pksunkara/alpaca,88.5,2
knqyf263/pet,37.5,2
golang/glog,9.5,2
OJ/gobuster,84.66666666666667,3
Ne0nd0g/merlin,77.5,6
gravityblast/fresh,11.5,2
containernetworking/cni,36.04761904761905,21
nlf/dlite,111.0,2
spf13/afero,20.88888888888889,9
containers/buildah,78.45,20
markbates/goth,19.176470588235293,17
docker/libchan,40.666666666666664,3
gravitational/teleconsole,36.0,2
unknwon/go-web-foundation,114.0,1
joho/godotenv,47.0,2
cweill/gotests,45.5,4
xtaci/kcp-go,309.5,2
jdkato/prose,112.0,2
kubernetes-retired/contrib,41.42622950819672,61
coocood/freecache,16.0,3
genuinetools/binctr,53.0,1
mlabouardy/komiser,263.0,1
vuvuzela/vuvuzela,77.5,2
m3db/m3,100.72222222222223,18
rakyll/statik,63.0,1
esimov/pigo,323.0,1
mikespook/Learning-Go-zh-cn,221.66666666666666,6
mattes/migrate,42.75,8
AdguardTeam/AdGuardHome,116.4,5
benmanns/goworker,56.5,2
jinzhu/now,53.0,1
virtual-kubelet/virtual-kubelet,37.6,15
mailru/easyjson,21.4,10
runatlantis/atlantis,129.25,8
xo/xo,91.0,2
chrislusf/gleam,173.0,4
buzzfeed/sso,27.666666666666668,9
go-resty/resty,140.5,2
ReactiveX/RxGo,38.25,4
mehrdadrad/mylg,319.5,2
FiloSottile/Heartbleed,33.333333333333336,3
docker/swarmkit,103.5,36
astaxie/bat,63.0,1
OWASP/Amass,171.0,5
constabulary/gb,144.0,7
GoogleContainerTools/container-diff,38.888888888888886,9
docker/deploykit,42.0,10
ilanyu/ReverseProxy,6.0,1
grpc-ecosystem/go-grpc-middleware,34.0,1
nfnt/resize,13.0,2
containous/yaegi,188.33333333333334,3
afex/hystrix-go,82.0,3
itsabot/itsabot,679.0,1
maruel/panicparse,143.0,1
TrueFurby/go-callvis,67.5,2
jackc/pgx,157.77777777777777,9
google/mtail,486.6,5
mvdan/sh,771.5,4
Humpheh/goboy,144.0,1
linkedin/Burrow,25.714285714285715,7
hajimehoshi/ebiten,4142.0,1
uber/aresdb,71.2,5
gernest/utron,70.0,2
prest/prest,50.0,7
fagongzi/gateway,117.5,4
aws/aws-lambda-go,17.666666666666668,3
sourcegraph/thyme,32.5,2
jetstack/kube-lego,42.0,6
mmatczuk/go-http-tunnel,75.5,2
sideshow/apns2,43.333333333333336,3
aquasecurity/kube-bench,59.625,8
Jeffail/benthos,205.0,7
cri-o/cri-o,119.12903225806451,31
boramalper/magnetico,51.0,5
ChimeraCoder/gojson,30.333333333333332,3
gopherdata/gophernotes,78.25,4
goraft/raft,104.6,5
emitter-io/emitter,121.5,4
shiyanhui/dht,27.0,1
digitalocean/doctl,64.73913043478261,23
divan/txqr,101.0,1
TarsCloud/TarsGo,62.5,2
go-task/task,93.83333333333333,6
opentracing/opentracing-go,47.166666666666664,6
goproxy/goproxy.cn,110.0,1
kardianos/service,46.0,2
nginxinc/kubernetes-ingress,58.625,8
siddontang/go-mysql,54.8,5
devopsfaith/krakend,77.66666666666667,6
chaosblade-io/chaosblade,25.666666666666668,3
theupdateframework/notary,101.72727272727273,22
cheggaaa/pb,95.5,2
maxmcd/webtty,34.0,1
purpleidea/mgmt,114.2,10
aQuaYi/LeetCode-in-Go,1488.0,1
solo-io/unik,45.5,6
google/codesearch,14.5,2
googleapis/google-api-go-client,48.0,17
pressly/sup,107.0,2
volatiletech/authboss,89.0,4
gwuhaolin/livego,11.0,1
cortexproject/cortex,89.34615384615384,26
distribworks/dkron,352.0,5
fogleman/gg,76.0,2
mgechev/revive,127.0,2
GoogleCloudPlatform/terraformer,53.0,10
liamg/aminal,113.66666666666667,3
dustin/go-humanize,45.5,2
dunglas/vulcain,33.0,2
jedisct1/piknik,203.0,1
DATA-DOG/go-sqlmock,29.4,5
projectcontour/contour,150.42857142857142,14
yahoo/gryffin,21.0,1
upper/db,336.5,4
goodrain/rainbond,380.375,8
ouqiang/gocron,286.0,1
360EntSecGroup-Skylar/ElasticHD,59.0,1
floyernick/Data-Structures-and-Algorithms,39.0,1
getgauge/gauge,110.42105263157895,19
mholt/timeliner,34.0,1
42wim/matterbridge,140.375,8
mickael-kerjean/filestash,510.0,1
moby/buildkit,124.75,16
shen100/golang123,357.0,1
jgrahamc/httpdiff,27.0,1
arachnys/athenapdf,42.0,2
hyperhq/hyperd,81.92857142857143,14
golang/net,39.80952380952381,21
twpayne/chezmoi,561.0,2
ashleymcnamara/gophers,107.0,1
google/trillian,133.13333333333333,15
rtr7/router7,187.0,1
henrylee2cn/teleport,426.5,2
pilosa/pilosa,317.90909090909093,11
tdewolff/minify,543.0,2
Ullaakut/cameradar,104.0,1
moncho/dry,464.5,2
elastic/go-elasticsearch,97.0,2
zalando/skipper,58.04,25
go-qml/qml,316.0,1
skynetservices/skynet-archive,134.57142857142858,7
EDDYCJY/go-gin-example,102.0,1
googleapis/google-cloud-go,72.80555555555556,36
argoproj/argo-cd,165.33333333333334,9
hellofresh/janus,215.625,8
kubernetes-sigs/kubebuilder,59.666666666666664,18
unidoc/unioffice,71.8,5
gopher-os/gopher-os,288.0,1
olekukonko/tablewriter,23.666666666666668,3
howeyc/fsnotify,86.5,2
justinas/alice,27.5,2
rcrowley/goagain,55.0,1
mpolden/echoip,221.0,1
minishift/minishift,67.10526315789474,19
yunabe/lgo,157.0,1
pulumi/kubespy,13.0,2
ahmetb/go-linq,45.0,3
codesenberg/bombardier,71.0,1
shunfei/cronsun,56.666666666666664,3
GoesToEleven/golang-web-dev,541.0,1
Terry-Mao/gopush-cluster,322.0,1
redspread/spread,153.5,2
uber/makisu,51.25,4
chanxuehong/wechat,27.0,1
shen100/wemall,65.0,1
src-d/gitbase,131.4,10
alash3al/sqler,65.0,1
weaveworks/eksctl,75.9,30
willnorris/imageproxy,132.0,2
fireworq/fireworq,28.75,4
kabukky/journey,80.0,2
alecthomas/chroma,71.66666666666667,3
prometheus/client_golang,46.78947368421053,19
influxdata/kapacitor,119.75,12
nareix/joy4,6.0,1
rapidloop/rtop,20.0,1
intelsdi-x/snap,79.35483870967742,31
kubeedge/kubeedge,41.666666666666664,27
brigadecore/brigade,73.83333333333333,18
solo-io/gloo,50.53846153846154,13
PuerkitoBio/gocrawl,102.5,2
solo-io/gloo,50.53846153846154,13
gocircuit/circuit,426.0,1
fogleman/pt,465.0,1
segmentio/kafka-go,41.25,8
coreos/torus,82.5,10
cube2222/octosql,136.0,3
francoispqt/gojay,275.0,1
marcusolsson/tui-go,30.5,2
xmge/gonote,134.0,1
isacikgoz/gitin,99.0,1
hashicorp/go-plugin,33.6,5
kubernetes-incubator/external-storage,61.80769230769231,26
gravitational/workshop,20.2,5
convox/rack,240.89655172413794,29
google/btree,25.0,1
chaitin/xray,20.818181818181817,11
aptly-dev/aptly,220.625,8
feixiao/Distributed-Systems,55.0,2
senghoo/golang-design-pattern,40.0,1
whyrusleeping/gx,57.166666666666664,6
jwilder/docker-squash,54.0,1
go-telegram-bot-api/telegram-bot-api,32.875,8
GeertJohan/go.rice,12.833333333333334,6
arduino/arduino-cli,124.4,10
cdarwin/go-koans,14.0,1
Azure/golua,18.0,2
bxcodec/go-clean-arch,49.0,1
goadapp/goad,61.333333333333336,6
shopspring/decimal,13.6,5
elastic/logstash-forwarder,144.5,4
osrg/gobgp,118.53333333333333,15
zentures/surgemq,46.0,1
oklog/ulid,43.0,2
docker/cli,46.009433962264154,106
dzhou121/gonvim,193.0,1
swaggo/swag,61.2,5
facebookincubator/ent,141.0,2
kubernetes/kube-state-metrics,47.4,20
gdamore/tcell,63.5,2
GoogleCloudPlatform/golang-samples,30.52,25
vzex/dog-tunnel,71.5,2
golang/proposal,13.416666666666666,12
Shopify/go-lua,39.0,5
egonelbre/gophers,159.0,1
golang/example,10.0,1
liuchengxu/blockchain-tutorial,54.0,1
go-ini/ini,216.0,1
dunglas/mercure,113.5,2
liangdas/mqant,210.0,1
hlandau/acmetool,390.0,1
confluentinc/confluent-kafka-go,71.0,3
containers/skopeo,84.92307692307692,13
bradfitz/http2,106.33333333333333,3
s-rah/onionscan,37.666666666666664,3
segmentio/ksuid,44.0,1
magefile/mage,117.0,1
jasonlvhit/gocron,18.833333333333332,6
kubernetes/test-infra,123.57142857142857,210
subfinder/subfinder,99.0,4
matcornic/hermes,28.0,2
rexray/rexray,296.7142857142857,7
zquestz/s,101.66666666666667,3
gocql/gocql,47.21875,32
GoogleChromeLabs/simplehttp2server,61.0,1
uber-common/cpustat,40.0,2
MariaLetta/free-gophers-pack,11.0,1
googleforgames/open-match,89.16666666666667,6
Jeffail/gabs,50.0,1
kubernetes/kubeadm,51.333333333333336,9
chain/chain,208.1875,16
gopl-zh/gopl-zh.github.com,76.1,10
zachlatta/sshtron,36.333333333333336,3
pierrre/imageserver,674.0,1
hashicorp/memberlist,42.75,12
go-jira/jira,14.666666666666666,3
GoAdminGroup/go-admin,289.3333333333333,3
moul/assh,266.5,2
vmware-tanzu/sonobuoy,80.875,8
olahol/melody,35.5,2
nats-io/nats-streaming-server,224.0,6
mperham/inspeqtor,266.0,2
laher/goxc,88.0,3
census-instrumentation/opencensus-go,58.625,8
hpcloud/tail,13.4,5
golang/crypto,21.384615384615383,26
eth0izzle/shhgit,18.0,1
kubesphere/kubesphere,73.5,10
kiali/kiali,93.1,20
mkchoi212/fac,185.0,1
xyproto/algernon,1603.0,1
github/git-sizer,278.0,1
sipt/shuttle,77.0,2
skanehira/docui,64.8,5
awnumar/memguard,188.0,1
opencontainers/runtime-spec,55.04545454545455,22
ysrc/yulong-hids,38.666666666666664,3
sourcegraph/appdash,67.625,8
aws/amazon-ecs-agent,85.18181818181819,22
gosuri/uiprogress,6.0,1
raviqqe/muffet,180.0,1
natefinch/lumberjack,55.0,1
ImVexed/muon,37.0,2
arnauddri/algorithms,134.0,1
divan/expvarmon,105.0,1
gogf/gf,219.63636363636363,11
talos-systems/talos,184.16666666666666,6
fsouza/go-dockerclient,62.46153846153846,26
XiaoMi/naftis,52.5,2
hu17889/go_spider,29.25,4
alecthomas/participle,177.0,1
silenceper/wechat,35.8,5
gokrazy/gokrazy,57.0,1
kubicorn/kubicorn,55.52173913043478,23
labstack/armor,85.0,2
kubevirt/kubevirt,114.42,50
rancher/rio,156.33333333333334,6
op/go-logging,71.0,1
jessevdk/go-flags,47.5,8
rancher/rke,63.411764705882355,17
openshift/osin,38.666666666666664,3
tenta-browser/tenta-dns,28.5,2
caffix/amass,182.2,5
kubernetes-sigs/krew,49.0,5
helm/chartmuseum,51.42857142857143,7
vulcand/oxy,29.0,5
nanomsg/mangos-v1,76.0,3
flosch/pongo2,409.0,1
golang/vgo,43.25,4
txn2/kubefwd,130.0,1
ory/ladon,58.0,1
olivia-ai/olivia,166.5,2
sandglass/sandglass,262.0,1
nsqio/go-nsq,125.75,4
go-bootstrap/go-bootstrap,92.0,1
sciter-sdk/go-sciter,28.0,2
ory/oathkeeper,94.5,2
kata-containers/runtime,62.357142857142854,28
gokcehan/lf,7.0,2
mikefarah/yq,40.333333333333336,3
motemen/ghq,99.8,5
bitnami-labs/sealed-secrets,57.166666666666664,6
dreamans/syncd,107.0,2
roboll/helmfile,49.0,8
iamduo/workq,16.0,1
google/novm,186.0,1
openshift/source-to-image,35.80952380952381,21
mattn/go-gtk,75.0,13
apex/gh-polls,87.0,1
docker/libnetwork,83.68,25
juju/juju,547.3676470588235,68
cespare/reflex,49.5,2
valyala/quicktemplate,230.0,1
serverless/event-gateway,36.0,7
AlecAivazis/survey,345.0,1
asobti/kube-monkey,35.75,4
gopherjs/vecty,56.6,5
rubenv/sql-migrate,44.5,4
thecodingmachine/gotenberg,150.0,2
TheAlgorithms/Go,12.333333333333334,3
SpectoLabs/hoverfly,264.5833333333333,12
youtube/doorman,33.5,2
rethinkdb/rethinkdb-go,224.0,4
ravenac95/sudolikeaboss,36.0,1
ThreeDotsLabs/watermill,47.6,5
crossplaneio/crossplane,103.76923076923077,13
AutoSpotting/AutoSpotting,60.5,6
mmcloughlin/globe,46.0,1
dgraph-io/ristretto,30.0,5
studygolang/studygolang,96.0,5
levigross/grequests,95.0,1
gtank/cryptopasta,7.0,1
marcusolsson/goddd,6.0,1
cosmos/cosmos-sdk,123.81818181818181,44
instrumenta/kubeval,50.5,4
tj/mmake,24.5,2
henrylee2cn/faygo,395.0,1
google/keytransparency,199.25,8
spaceuptech/space-cloud,79.0,8
Qihoo360/poseidon,11.333333333333334,3
bouk/monkey,27.0,1
koding/koding,1475.5283018867924,53
eolinker/goku-api-gateway,120.0,1
schollz/hostyoself,79.0,1
gorilla/sessions,32.0,2
openfaas/faas-netes,58.45454545454545,11
d5/tengo,112.5,2
rodrigo-brito/gocity,72.0,1
inconshreveable/go-update,54.0,1
cenkalti/backoff,76.0,1
eBay/akutan,17.5,2
hashicorp/golang-lru,25.0,2
cortexlabs/cortex,198.75,4
unknwon/go-rock-libraries-showcases,86.0,1
utahta/pythonbrew,61.0,3
astaxie/gopkg,31.25,24
ok-borg/borg,55.666666666666664,3
asdine/storm,91.25,4
Jeffail/tunny,27.0,1
kryptco/kr,340.5,2
hashicorp/envconsul,19.857142857142858,7
tus/tusd,71.9090909090909,11
svent/sift,65.0,1
skydive-project/skydive,200.85,20
google/gapid,214.94117647058823,17
google/stenographer,81.6,5
eyebluecn/tank,135.5,2
icexin/gocraft,24.0,1
Masterminds/sprig,43.833333333333336,6
sylabs/singularity,226.1860465116279,43
barnybug/cli53,86.5,2
perlin-network/life,84.33333333333333,3
google/go-cmp,76.0,1
segmentio/chamber,27.4,5
chzyer/readline,194.0,1
gocraft/web,72.0,2
uber/cherami-server,31.5,6
neex/phuip-fpizdam,31.0,1
miniflux/miniflux,89.2,5
cosmos72/gomacro,1123.0,1
esimov/triangle,92.0,1
libgit2/git2go,34.1578947368421,19
montanaflynn/stats,13.0,4
dop251/goja,104.0,1
bcicen/grmon,41.0,1
google/uuid,11.5,2
lastbackend/lastbackend,276.57142857142856,7
cihub/seelog,40.5,4
StackExchange/dnscontrol,43.625,8
FiloSottile/whosthere,24.0,1
jingweno/godzilla,38.0,1
nanobox-io/nanobox,207.5,8
square/go-jose,47.111111111111114,9
ajstarks/svgo,343.0,1
hellogcc/100-gdb-tips,60.666666666666664,3
didip/tollbooth,122.0,1
hunterlong/statping,261.0,3
nanopack/yoke,53.666666666666664,3
ajvb/kala,58.0,6
google/periph,100.83333333333333,6
takama/daemon,83.0,3
thoas/go-funk,58.0,3
aerokube/selenoid,276.3333333333333,3
crazy-max/WindowsSpyBlocker,507.0,1
rancher/k3os,43.714285714285715,7
alexei-led/pumba,57.0,4
dave/jennifer,212.0,1
RichardKnop/go-oauth2-server,255.5,2
gocraft/dbr,49.333333333333336,3
derailed/popeye,173.0,1
liftbridge-io/liftbridge,262.5,2
mattn/gom,74.0,2
kisielk/errcheck,37.4,5
sofastack/sofa-mosn,129.26315789473685,19
openacid/slim,82.75,4
VictoriaMetrics/VictoriaMetrics,133.0,4
stripe/veneur,86.8,15
cpmech/gosl,1213.5,2
google/ko,33.0,1
cloudfoundry/cli,87.17241379310344,87
flant/werf,720.625,8
google/google-ctf,30.0,1
ochinchina/supervisord,36.25,4
xeipuuv/gojsonschema,13.0,6
jpillora/overseer,39.0,1
cuelang/cue,112.0,5
davrodpin/mole,29.333333333333332,3
kedacore/keda,39.2,10
securitywithoutborders/hardentools,126.5,2
DMarby/picsum-photos,326.0,1
xiaojiaqi/10billionhongbaos,10.0,1
vektra/mockery,24.571428571428573,7
aws/amazon-ecs-cli,58.166666666666664,12
cznic/ql,22.5,2
reviewdog/reviewdog,176.6,5
cortesi/modd,127.0,2
hashicorp/go-memdb,16.0,4
rs/xid,26.0,1
docker/app,57.19047619047619,21
microcosm-cc/bluemonday,49.5,4
nytlabs/streamtools,229.0,6
elliotchance/c2go,109.5,10
ssllabs/ssllabs-scan,71.33333333333333,3
thrasher-corp/gocryptotrader,105.11111111111111,9
go-chassis/go-chassis,55.1,10
kythe/kythe,172.125,16
kubernetes-sigs/metrics-server,32.8,5
caarlos0/env,30.6,5
jtblin/kube2iam,15.833333333333334,6
flashmob/go-guerrilla,28.75,4
unrolled/render,13.25,4
funny/link,446.0,1
ory/fosite,59.6,5
matthewmueller/joy,323.0,1
sjqzhang/go-fastdfs,287.0,1
metrue/fx,85.71428571428571,7
ugorji/go,623.0,1
grammarly/rocker,134.75,4
ddollar/forego,78.5,2
justjanne/powerline-go,27.6,5
rs/cors,18.0,1
xiaonanln/goworld,1234.0,1
Yelp/dockersh,141.5,2
mit-pdos/biscuit,145.15837104072398,221
malfunkt/hyperfox,63.0,1
orcaman/concurrent-map,13.666666666666666,3
julienschmidt/go-http-routing-benchmark,53.5,2
muesli/smartcrop,48.666666666666664,3
cloudnativelabs/kube-router,46.0,8
gonum/plot,77.875,8
panjf2000/gnet,214.0,1
rakyll/gom,112.0,1
glycerine/zygomys,229.25,4
samuel/go-zookeeper,37.5,4
dnote/dnote,45.5,2
deckarep/golang-set,19.75,4
evilsocket/xray,5.0,1
dreadl0ck/netcap,257.0,1
coreos/etcd-operator,282.8888888888889,9
hyper0x/Golang_Puzzlers,49.0,1
ContainerSolutions/k8s-deployment-strategies,7.0,1
unrolled/secure,34.0,1
square/certstrap,12.666666666666666,6
disintegration/gift,52.0,2
perlin-network/noise,110.83333333333333,6
filecoin-project/go-filecoin,72.44827586206897,29
helm/monocular,38.5,8
miguelmota/cointop,407.0,1
prometheus/blackbox_exporter,26.857142857142858,7
klauspost/compress,194.5,2
juju/ratelimit,35.0,1
XiaoMi/Gaea,20.5,2
go-echarts/go-echarts,60.0,2
writeas/writefreely,116.2,5
antonmedv/red,11.0,1
lovoo/goka,80.0,4
solo-io/squash,46.2,5
mattn/goreman,67.0,3
huichen/sego,22.5,2
tidwall/summitdb,69.0,1
haxpax/gosms,35.5,2
galeone/tfgo,47.5,2
songtianyi/wechat-go,8.0,1
kubernetes-sigs/aws-iam-authenticator,22.625,8
monochromegane/go_design_pattern,36.0,1
shiyanhui/hero,20.5,2
appc/spec,44.55,20
go-zoo/bone,70.0,3
umputun/remark,222.88888888888889,9
nwidger/nintengo,66.25,4
oniony/TMSU,574.0,2
yyyar/gobetween,38.5,6
gardener/gardener,79.91428571428571,35
stianeikeland/go-rpio,28.0,3
devfeel/dotweb,127.0,5
rakyll/coop,14.0,1
snapcore/snapd,550.344262295082,61
gliderlabs/ssh,23.333333333333332,3
cloudflare/tableflip,26.0,1
google/martian,31.857142857142858,7
nicksnyder/go-i18n,88.66666666666667,3
kubernetes-sigs/aws-alb-ingress-controller,81.88235294117646,17
cloudflare/redoctober,28.555555555555557,9
adammck/terraform-inventory,45.5,2
weaveworks/flagger,199.33333333333334,6
sanathp/statusok,41.0,1
keybase/kbfs,361.57894736842104,19
bitfield/script,58.0,2
gocraft/work,39.666666666666664,3
guptarohit/asciigraph,20.5,2
rfjakob/gocryptfs,46.5,2
puma/puma-dev,26.25,4
wal-g/wal-g,38.0,13
faceair/youjumpijump,47.0,1
awslabs/aws-lambda-container-image-converter,35.0,2
terraform-providers/terraform-provider-azurerm,77.11702127659575,94
minio/mc,112.76923076923077,13
GoogleContainerTools/container-structure-test,41.666666666666664,3
keel-hq/keel,116.1,10
uber-go/ratelimit,5.0,1
matryer/vice,26.333333333333332,3
tylerb/graceful,24.0,5
sourcegraph/webloop,33.0,1
hacklcx/HFish,37.5,2
gavv/httpexpect,165.0,2
jsha/minica,17.0,1
lindb/lindb,42.5,4
docopt/docopt.go,30.333333333333332,3
tylertreat/BoomFilters,58.0,2
rancher/convoy,143.6,5
kidoman/embd,51.6,5
wailsapp/wails,246.0,2
imroc/req,145.0,1
banzaicloud/pipeline,149.30434782608697,23
0xAX/go-algorithms,14.5,2
bmizerany/pat,22.0,2
hyperledger-archives/fabric,84.62068965517241,29
baetyl/baetyl,89.57142857142857,7
vmware/govmomi,93.94444444444444,18
radondb/radon,70.0,4
aktau/github-release,82.0,1
facebookarchive/inject,61.0,1
docker/compose-on-kubernetes,27.714285714285715,7
pdfcpu/pdfcpu,210.0,1
brutella/hc,225.0,2
coreos/go-systemd,36.63636363636363,11
sony/sonyflake,15.0,1
GoogleCloudPlatform/continuous-deployment-on-kubernetes,36.666666666666664,3
gojp/goreportcard,67.0,6
mozilla/mig,188.5,10
getantibody/antibody,296.5,2
isacikgoz/gitbatch,287.0,1
gojek/heimdall,19.0,5
jordan-wright/email,35.0,3
anaskhan96/soup,52.5,2
go-ozzo/ozzo-validation,38.0,1
eko/monday,93.0,1
albrow/fo,93.0,1
rudderlabs/rudder-server,75.0,1
genuinetools/reg,67.0,5
changkun/go-under-the-hood,267.0,1
shawn1m/overture,72.0,2
go-oauth2/oauth2,85.0,2
hashicorp/yamux,33.5,2
muesli/cache2go,81.0,2
s3git/s3git,132.0,1
gophercon/2017-talks,30.0,2
bradfitz/gomemcache,59.0,1
thoas/picfit,210.0,2
drakkan/sftpgo,13.0,1
djhworld/simple-computer,26.0,1
michaelmacinnis/oh,961.0,1
chai2010/go2-book,41.0,1
ehazlett/stellar,180.0,1
go-ego/gse,267.0,1
go-opencv/go-opencv,20.833333333333332,6
tidwall/redcon,65.0,1
EngoEngine/engo,61.23076923076923,13
gocelery/gocelery,50.0,1
bilibili/overlord,81.0,3
smallstep/certificates,158.5,4
trustmaster/goflow,144.0,1
mingrammer/go-web-framework-stars,146.0,2
apache/dubbo-go,66.33333333333333,9
uniqush/uniqush-push,58.0,3
appscode/voyager,145.0,8
terraform-linters/tflint,163.6,5
mcuadros/ofelia,31.0,2
docker/libcontainer,62.05,20
c-bata/kube-prompt,203.0,1
GetStream/vg,140.0,2
requilence/integram,281.0,1
ericfreese/rat,55.0,1
mmcloughlin/avo,253.0,1
dghubble/gologin,95.0,1
pkg/profile,61.0,1
iov-one/weave,256.7142857142857,7
jrallison/go-workers,52.0,2
campoy/justforfunc,49.0,1
slackhq/go-audit,36.25,4
y0ssar1an/q,59.5,2
bradleyjkemp/memviz,30.0,1
u-root/u-root,72.2,30
GoBelieveIO/im_service,421.0,1
boyter/scc,260.3333333333333,3
mgartner/pg_flame,33.0,1
antonholmquist/jason,126.0,1
nhooyr/websocket,413.0,1
lonng/nano,186.0,1
sgreben/jp,50.0,1
Bytom/bytom,58.53846153846154,13
halfrost/LeetCode-Go,344.0,1
denisenkom/go-mssqldb,31.555555555555557,9
adrianco/spigo,168.5,2
tleyden/open-ocr,33.0,1
soheilhy/cmux,50.5,2
pusher/oauth2_proxy,33.95,20
sensepost/ruler,46.0,1
submariner-io/submariner,32.111111111111114,9
shyiko/jabba,329.5,2
rach/pome,81.0,1
shadowsocks/v2ray-plugin,37.5,2
looterz/grimd,42.5,2
compose/transporter,63.666666666666664,6
facette/facette,449.0,3
bitnami-labs/kubewatch,21.857142857142858,7
xtaci/gonet,19.0,1
segmentio/terraform-docs,37.333333333333336,3
smallnest/go-web-framework-benchmark,45.333333333333336,3
kubernetes-incubator/kube-aws,43.30555555555556,36
bemasher/rtlamr,361.0,1
crosbymichael/skydock,73.0,1
kylesliu/awesome-golang-leetcode,107.33333333333333,3
thedevsaddam/gojsonq,47.0,2
clipperhouse/gen,158.0,4
sevlyar/go-daemon,107.0,1
JoelOtter/termloop,50.0,1
dghubble/sling,77.0,1
mop-tracker/mop,78.5,2
bwmarrin/discordgo,34.9,10
awslabs/amazon-ecr-credential-helper,38.333333333333336,3
tinylib/msgp,81.25,4
xiaoming2028/FreeNet,39.0,1
Terry-Mao/bfs,208.0,1
abh/geodns,84.0,5
joyent/containerpilot,78.125,8
markphelps/flipt,303.0,1
hprose/hprose-golang,112.0,2
cheekybits/genny,10.333333333333334,3
openkruise/kruise,15.333333333333334,9
brocaar/chirpstack-network-server,880.0,1
juju/errors,21.0,3
pressly/goose,67.4,5
dshearer/jobber,197.5,2
cdipaolo/goml,74.5,2
nadoo/glider,6.0,1
mitchellh/cli,55.5,2
Azure/acs-engine,42.31372549019608,51
ksonnet/ksonnet,105.7,10
cloud66-oss/habitus,43.166666666666664,6
dchest/captcha,149.0,1
uber-go/dig,30.5,6
oliver006/redis_exporter,60.5,4
pravj/geopattern,48.0,1
gographics/imagick,56.5,4
fatih/pool,38.0,1
tucnak/telebot,47.0,5
gosuri/uilive,5.0,2
splitsh/lite,39.0,1
FairwindsOps/polaris,48.142857142857146,7
rlmcpherson/s3gof3r,123.0,2
bcicen/slackcat,161.0,1
google/skicka,24.5,2
lileio/lile,67.5,2
ChimeraCoder/anaconda,42.8,5
golang/tour,40.25,8
alicebob/miniredis,121.0,1
go-llvm/llgo,179.5,4
pengwynn/flint,47.0,2
justone/dockviz,45.5,2
justinas/nosurf,117.0,1
hanwen/go-fuse,411.25,4
jondot/goweight,13.0,1
